idAll_in,Molecule,idMol,State,Mass,Te,omega_e,omega_ex_e,Be,alpha_e,De,Re,D0,IP,Reference_date,Reference,Contributor,Updated_date,id_user
1,AgAl,1,X $^1\\Sigma^+$,21.5440781,0,254.34,1.13,0.12796,0.00076,1.27,2.4728,1.95,\N,OCT 1974,\N,Jesus Perez Rios,2019-09-15,2
2,AgAl,1,B $^1\\Sigma^+$,21.5440781,27459.17,199.85,1.66,0.11706,0.00112,1.6,2.5854,\N,\N,OCT 1974,\N,Jesus Perez Rios,2019-09-15,2
3,AgAl,1,C $^1\\Pi$,21.5440781,31744.8,221.06,\N,0.1225,\N,1.6,2.525,\N,\N,OCT 1974,\N,Jesus Perez Rios,2019-09-15,2
4,AgBi,2,X $0^+$,71.5949106,0,152.14,0.405,0.0198,4E-05,0.0135,3.45,\N,\N,FEB 1975,\N,Jesus Perez Rios,2019-09-15,2
5,AgBi,2,X\' $1$,71.5949106,4185,148.5,0.5,0.0199,5E-05,0.0143,3.44,\N,\N,FEB 1975,\N,Jesus Perez Rios,2019-09-15,2
6,AgBi,2,A $0^+$,71.5949106,16364,144,0.53,0.02,6E-05,0.0153,3.43,\N,\N,FEB 1975,\N,Jesus Perez Rios,2019-09-15,2
7,AgBi,2,B $0^+$,71.5949106,20753,145.29,0.335,\N,\N,\N,\N,\N,\N,FEB 1975,\N,Jesus Perez Rios,2019-09-15,2
8,AgBr,3,X $^1\\Sigma^+$,46.4235609,0,247.72,0.679,0.06341,0.00023,0.17,2.3931,3.1,\N,OCT 1974,\N,Jesus Perez Rios,2019-09-15,2
9,AgBr,3,B $0^+$,46.4235609,31280.43,180.8,4.45,\N,\N,\N,\N,\N,\N,OCT 1974,\N,Jesus Perez Rios,2019-09-15,2
10,AgBr,3,C,46.4235609,43537.4,205,0.74,\N,\N,\N,\N,\N,\N,OCT 1974,\N,Jesus Perez Rios,2019-09-15,2
11,AgCl,4,X $^1\\Sigma$,26.3497888,0,343.49,1.17,0.12298,0.0006,0.63054,2.2808,3.22,\N,OCT 1974,\N,Jesus Perez Rios,2019-09-15,2
12,AgCl,4,B $0^+$,26.3497888,31602.65,278.36,4.047,0.11913,0.00149,0.94,2.3174,\N,\N,OCT 1974,\N,Jesus Perez Rios,2019-09-15,2
13,AgCl,4,C,26.3497888,43525.7,294.1,1.7,\N,\N,\N,\N,\N,\N,OCT 1974,\N,Jesus Perez Rios,2019-09-15,2
14,AgCl,4,D,26.34979,48880,290,\N,\N,\N,\N,\N,\N,\N,OCT 1974,\N,Jesus Perez Rios,2019-09-15,2
15,AgF,5,X $^1\\Sigma^+$,16.1316107,0,513.45,2.593,0.2657,0.00192,2.84,1.9832,3.64,\N,OCT 1974,\N,Jesus Perez Rios,2019-09-15,2
16,AgF,5,A $0^+$,16.1316107,29220,455.39,\N,0.27268,0.00593,3.71,1.9576,\N,\N,OCT 1974,\N,Jesus Perez Rios,2019-09-15,2
17,AgF,5,B $0^+$,16.1316107,31663,373.6,\N,0.25549,\N,4.72,2.0224,\N,\N,OCT 1974,\N,Jesus Perez Rios,2019-09-15,2
18,AgH,6,X $^1\\Sigma^+$,0.99841289,0,1759.9,34.06,6.449,0.201,3.44,1.6181,2.28,\N,OCT 1974,\N,Jesus Perez Rios,2019-09-15,2
19,AgH,6,A $^1\\Sigma^+$,0.99841289,29959,1489.6,87,6.09,0.348,3.89,1.665,\N,\N,OCT 1974,\N,Jesus Perez Rios,2019-09-15,2
20,AgD,7,X $^1\\Sigma^+$,1.97685802,0,1250.7,17.17,3.2572,0.0722,859,1.618,2.31,\N,OCT 1974,\N,Jesus Perez Rios,2019-09-15,2
21,AgD,7,A $^1\\Sigma^+$,1.97685802,29960.04,1160.82,31.73,3.154,0.1,970,1.6443,\N,\N,OCT 1974,\N,Jesus Perez Rios,2019-09-15,2
22,AgI,8,X $^1\\Sigma^+$,58.0247195,0,206.52,0.445,0.04487,0.00014,0.0847,2.5446,2.6,\N,NOV 1974,\N,Jesus Perez Rios,2019-09-15,2
23,AgI,8,B $0^+$,58.0247195,31194.06,127.14,4.255,0.04072,0.00057,0.219,2.6712,\N,\N,NOV 1974,\N,Jesus Perez Rios,2019-09-15,2
24,AlBr,9,X $^1\\Sigma^+$,20.1070892,0,378,1.28,0.15197,0.00086,1.1285,2.294807,4.43,\N,NOV 1975,\N,Jesus Perez Rios,2019-09-15,2
25,AlBr,9,a $^3\\Pi_0$,20.1070892,23647,411.2,1.28,\N,\N,\N,\N,\N,\N,NOV 1975,\N,Jesus Perez Rios,2019-09-15,2
26,AlBr,9,a $^3\\Pi_1$,20.1070892,23779.3,410.32,1.75,0.164,0.001,\N,2.26,\N,\N,NOV 1975,\N,Jesus Perez Rios,2019-09-15,2
27,AlBr,9,A $^1\\Pi$,20.1070892,35879.5,297.2,6.4,0.1555,0.00216,1.8,2.322,\N,\N,NOV 1975,\N,Jesus Perez Rios,2019-09-15,2
28,AlCl,10,X $^1\\Sigma^+$,15.2301459,0,481.3,1.95,0.24393,0.00161,2.5027,2.130113,5.12,\N,NOV 1975,\N,Jesus Perez Rios,2019-09-15,2
29,AlCl,10,a $^3\\Pi$,15.2301459,24528,524.35,2.175,0.25,0.002,\N,2.1,\N,\N,NOV 1975,\N,Jesus Perez Rios,2019-09-15,2
30,AlCl,10,a $^3\\Pi$,15.2301459,24593.84,524.35,2.175,0.25,0.002,\N,2.1,\N,\N,NOV 1975,\N,Jesus Perez Rios,2019-09-15,2
31,AlCl,10,a $^3\\Pi$,15.2301459,24658,524.35,2.175,0.25,0.002,\N,2.1,\N,\N,NOV 1975,\N,Jesus Perez Rios,2019-09-15,2
32,AlCl,10,A $^1\\Pi$,15.2301459,38254,449.96,4.37,0.259,0.006,\N,2.067,\N,\N,NOV 1975,\N,Jesus Perez Rios,2019-09-15,2
33,AlF,11,X $^1\\Sigma^+$,11.148474,0,802.26,4.77,0.55248,0.00498,10.464,1.654369,6.89,9.8,MAR 1976,\N,Jesus Perez Rios,2019-09-15,2
34,AlF,11,a $^3\\Pi$,11.148474,27241,827.8,3.9,0.55703,0.00453,9.82,1.6476,\N,\N,MAR 1976,\N,Jesus Perez Rios,2019-09-15,2
35,AlF,11,A $^1\\Pi$,11.148474,43949.2,803.94,5.99,0.5564,0.00534,10.56,1.6485,\N,\N,MAR 1976,\N,Jesus Perez Rios,2019-09-15,2
36,AlH,12,X $^1\\Sigma^+$,0.97153602,0,1682.56,29.09,6.3907,0.1858,3565,1.6478,3.06,\N,NOV 1975,\N,Jesus Perez Rios,2019-09-15,2
37,AlH,12,C $^1\\Sigma^+$,0.97153602,44676,1575.3,125.5,6.664,0.544,5500,1.6136,\N,\N,NOV 1975,\N,Jesus Perez Rios,2019-09-15,2
38,AlD,13,X $^1\\Sigma^+$,1.87419817,0,1211.95,15.14,3.3186,0.0697,970,1.6463,3.09,\N,NOV 1975,\N,Jesus Perez Rios,2019-09-15,2
39,AlD,13,A $^1\\Pi$,1.87419817,23653,1014.6,86,3.235,0.122,1675,1.667,\N,\N,NOV 1975,\N,Jesus Perez Rios,2019-09-15,2
40,AlO,14,X $^2\\Sigma^+$,10.04195071,0,979.23,6.97,0.64136,0.0058,10.8,1.6179,5.27,9.53,DEC 1975,\N,Jesus Perez Rios,2019-09-15,2
41,AlO,14,A $^2\\Pi$,10.04195071,5341.7,728.5,4.15,0.5333,\N,11,1.7708,\N,\N,DEC 1975,\N,Jesus Perez Rios,2019-09-15,2
42,AlO,14,A $^2\\Pi$,10.04195071,5470.6,728.5,4.15,0.5374,\N,11,1.7708,\N,\N,DEC 1975,\N,Jesus Perez Rios,2019-09-15,2
43,AlS,15,X $^2\\Sigma^+$,14.6327889,0,617.12,3.33,0.2799,0.0018,2.2,2.164,3.84,\N,DEC 1975,\N,Jesus Perez Rios,2019-09-15,2
44,AlS,15,A $^2\\Sigma^+$,14.6327889,23433.8,510.91,1.45,0.2461,0.0012,2.1,2.029,\N,\N,DEC 1975,\N,Jesus Perez Rios,2019-09-15,2
45,AsF,16,X$_1$ $^3\\Sigma^-$,15.1553535,0,685.78,3.12,0.3648,0.0024,4.5,1.736,4.2,9.4,JAN 1976,\N,Jesus Perez Rios,2019-09-15,2
46,AsF,16,X$_2$ $^3\\Sigma^-$,15.1553535,138.7,685.5,2.95,0.3691,0.0028,4.5,1.736,\N,\N,JAN 1976,\N,Jesus Perez Rios,2019-09-15,2
47,AsF,16,a $^1\\Delta$,15.1553535,7053.5,694.44,3.06,0.3707,0.0026,4.4,1.7322,\N,\N,JAN 1976,\N,Jesus Perez Rios,2019-09-15,2
48,AsF,16,b $^1\\Sigma^+$,15.1553535,13648.6,697.34,3.08,0.3719,0.0028,4.7,1.7294,\N,\N,JAN 1976,\N,Jesus Perez Rios,2019-09-15,2
49,AsF,16,A $^3\\Pi_0^-$,15.1553535,25719,412.21,1.32,0.2904,0.0018,6,1.954,\N,\N,JAN 1976,\N,Jesus Perez Rios,2019-09-15,2
50,AsF,16,A $^3\\Pi_0^+$,15.1553535,25751,419.8,\N,0.2914,0.0018,6,1.954,\N,\N,JAN 1976,\N,Jesus Perez Rios,2019-09-15,2
51,AsF,16,A $^3\\Pi_1$,15.1553535,26348,412.13,1.44,0.292,0.002,6,1.954,\N,\N,JAN 1976,\N,Jesus Perez Rios,2019-09-15,2
52,AsF,16,A $^3\\Pi_2$,15.1553535,27152,412.28,1.43,0.2918,0.002,6,1.954,\N,\N,JAN 1976,\N,Jesus Perez Rios,2019-09-15,2
53,AsN,17,X $^1\\Sigma^+$,11.7979936,0,1068.54,5.41,0.54551,0.00337,5.3,1.6184,\N,\N,FEB 1976,\N,Jesus Perez Rios,2019-09-15,2
54,AsN,17,A $^1\\Pi$,11.7979936,35999.7,853.3,8.24,0.5018,0.009,6.6,1.687,\N,\N,FEB 1976,\N,Jesus Perez Rios,2019-09-15,2
55,AsO,18,X $^2\\Pi$,13.18093446,0,967.08,4.85,0.48482,0.0033,4.9,1.6236,\N,\N,FEB 1976,\N,Jesus Perez Rios,2019-09-15,2
56,AsO,18,X $^2\\Pi$,13.18093446,1025.97,965.9,4.909,0.48552,0.00332,4.9,1.6236,4.98,\N,FEB 1976,\N,Jesus Perez Rios,2019-09-15,2
57,AsO,18,A\' $^2\\Pi$,13.18093446,26168.4,633.23,2.895,0.37124,0.00262,5,1.8553,\N,\N,FEB 1976,\N,Jesus Perez Rios,2019-09-15,2
58,AsO,18,A\' $^2\\Pi$,13.18093446,26485.2,630.3,3.006,0.37183,0.0027,5,1.8553,\N,\N,FEB 1976,\N,Jesus Perez Rios,2019-09-15,2
59,AsO,18,A $^2\\Sigma^+$,13.18093446,31652.45,686.68,10.78,0.4624,0.0071,8.56,1.6631,\N,\N,FEB 1976,\N,Jesus Perez Rios,2019-09-15,2
60,AsP,19,X $^1\\Sigma^+$,21.914122,0,604.02,1.98,0.1925,0.0008,0.78,1.999,\N,\N,FEB 1976,\N,Jesus Perez Rios,2019-09-15,2
61,AsP,19,A $^1\\Pi$,21.914122,32417.05,475.52,2.12,0.1744,0.0009,1.1,2.1,\N,\N,FEB 1976,\N,Jesus Perez Rios,2019-09-15,2
62,AuAl,20,X $^1\\Sigma^+$,23.7307715,0,333,1.163,0.12991,0.00067,0.718,2.3384,3.34,\N,NOV 1974,\N,Jesus Perez Rios,2019-09-15,2
63,AuAl,20,A $0^+$,23.7307715,16265.06,347.96,1.854,0.13646,0.00085,0.78,2.2816,\N,\N,NOV 1974,\N,Jesus Perez Rios,2019-09-15,2
64,AuBe,21,X $^2\\Sigma^+$,8.617873,0,607.68,3.53,0.46074,0.004,10.4,2.0605,\N,\N,NOV 1974,\N,Jesus Perez Rios,2019-09-15,2
65,AuBe,21,A $^2\\Sigma^+$,8.617873,17171.04,655.44,3.595,0.49264,0.00463,10.9,1.9927,\N,\N,NOV 1974,\N,Jesus Perez Rios,2019-09-15,2
66,AuH,22,X $^1\\Sigma^+$,1.0026947,0,2305.1,43.12,7.2401,0.2136,2790,1.5239,3.22,\N,NOV 1974,\N,Jesus Perez Rios,2019-09-15,2
67,AuH,22,A $0^+$,1.0026947,27665.7,1669.55,55.06,6.0069,0.249,3240,1.673,\N,\N,NOV 1974,\N,Jesus Perez Rios,2019-09-15,2
68,AuD,22,X $^1\\Sigma^+$,1.99371527,0,1634.98,21.655,3.6415,0.07614,709,1.5238,3.26,\N,NOV 1974,\N,Jesus Perez Rios,2019-09-15,2
69,AuD,22,A $0^+$,1.99371527,27644.1,1195.24,34.813,3.0352,0.0963,790,1.6691,\N,\N,NOV 1974,\N,Jesus Perez Rios,2019-09-15,2
70,AuMg,23,X $^2\\Sigma^+$,21.3813864,0,307.9,1.1,0.1324,0.00073,1.02,2.4427,\N,\N,NOV 1974,\N,Jesus Perez Rios,2019-09-15,2
71,AuMg,23,A $^2\\Sigma^+$,21.3813864,18392.7,341.7,3.3,0.14201,\N,1.06,2.3562,\N,\N,NOV 1974,\N,Jesus Perez Rios,2019-09-15,2
72,BaF,24,X $^2\\Sigma^+$,16.6980158,0,468.9,1.79,0.21585,0.0012,1.75,2.1627,6.05,4.85,FEB 1976,\N,Jesus Perez Rios,2019-09-15,2
73,BaF,24,A $^2\\Pi$,16.6980158,11646.9,435.5,1.68,0.2118,0.0011,\N,2.183,\N,\N,FEB 1976,\N,Jesus Perez Rios,2019-09-15,2
74,BaF,24,A $^2\\Pi$,16.6980158,12278.2,436.7,1.82,0.2119,0.0012,2.08,2.183,\N,\N,FEB 1976,\N,Jesus Perez Rios,2019-09-15,2
75,BaH,25,X $^2\\Sigma^+$,1.00051337,0,1168.31,14.5,3.38285,0.06599,1126.7,2.23175,\N,\N,FEB 1976,\N,Jesus Perez Rios,2019-09-15,2
76,BaH,25,A $^2\\Pi_{0.5}$,1.00051337,9457.45,1110.55,15.29,3.27887,0.07283,1210,2.249,1.95,\N,FEB 1976,\N,Jesus Perez Rios,2019-09-15,2
77,BaH,25,A $^2\\Pi_{1.5}$,1.00051337,9939.82,1109.98,13.59,3.322,0.082,1322,2.249,\N,\N,FEB 1976,\N,Jesus Perez Rios,2019-09-15,2
78,BaD,26,X $^2\\Sigma^+$,1.98510975,0,829.77,7.32,1.7071,0.02363,287.7,2.2304,1.97,\N,FEB 1976,\N,Jesus Perez Rios,2019-09-15,2
79,BaD,26,A $^2\\Pi_{0.5}$,1.98510975,9456.2,788.85,7.67,1.6475,0.0259,294,2.259,\N,\N,FEB 1976,\N,Jesus Perez Rios,2019-09-15,2
80,BaD,26,A $^2\\Pi_{1.5}$,1.98510975,9938.34,791.23,7.8,1.65983,0.0271,310,2.259,\N,\N,FEB 1976,\N,Jesus Perez Rios,2019-09-15,2
81,BaO,27,X $^1\\Sigma^+$,14.33256,0,669.76,2.028,0.31261,0.00139,2.724,1.939692,5.79,6.91,SEP 1976,\N,Jesus Perez Rios,2019-09-15,2
82,BaO,27,A $^1\\Sigma^+$,14.3325598,16807.2,499.7,1.64,0.25832,0.00107,2.8,2.1338,\N,\N,SEP 1976,\N,Jesus Perez Rios,2019-09-15,2
83,BaO,27,a $^3\\Pi_0^+$,14.3325598,17393,\N,\N,\N,\N,\N,2.289,\N,\N,SEP 1976,\N,Jesus Perez Rios,2019-09-15,2
84,BaO,27,a $^3\\Pi_1$,14.3325598,17442,445,4.5,0.2254,\N,\N,2.289,\N,\N,SEP 1976,\N,Jesus Perez Rios,2019-09-15,2
85,BaO,27,a $^3\\Pi_2$,14.3325598,17586.5,449,2.5,0.2254,0.00138,\N,2.289,\N,\N,SEP 1976,\N,Jesus Perez Rios,2019-09-15,2
86,BaS,28,X $^1\\Sigma^+$,25.9547097,0,379.42,0.8842,0.10331,0.00032,0.306,2.5074,4.36,\N,MAR 1976,\N,Jesus Perez Rios,2019-09-15,2
87,BaS,28,A $^1\\Sigma^+$,25.9547097,14493,294.3,3.08,0.09353,0.00072,\N,2.635,\N,\N,MAR 1976,\N,Jesus Perez Rios,2019-09-15,2
88,BBr,29,X $^1\\Sigma^+$,9.66150161,0,684.31,3.52,0.4894,0.0035,10,1.8882,4.49,\N,MAR 1976,\N,Jesus Perez Rios,2019-09-15,2
89,BBr,29,a $^3\\Pi_0^+$,9.66150161,18673.83,759.8,4.8,0.5062,0.0036,\N,\N,\N,\N,MAR 1976,\N,Jesus Perez Rios,2019-09-15,2
90,BBr,29,a $^3\\Pi_1$,9.66150161,18851.48,757.1,4.81,0.5083,0.0036,9.3,1.853,\N,\N,MAR 1976,\N,Jesus Perez Rios,2019-09-15,2
91,BBr,29,a $^3\\Pi_2$,9.66150161,\N,\N,\N,\N,\N,\N,\N,\N,\N,MAR 1976,\N,Jesus Perez Rios,2019-09-15,2
92,BBr,29,A $^1\\Pi$,9.66150161,33935.3,637.63,17.58,0.496,0.009,12.8,1.87,\N,\N,MAR 1976,\N,Jesus Perez Rios,2019-09-15,2
93,BCl,30,X $^1\\Sigma^+$,8.37316664,0,839.12,5.11,0.6838,0.00646,17.2,1.7159,5.5,\N,MAR 1976,\N,Jesus Perez Rios,2019-09-15,2
94,BCl,30,a $^3\\Pi_1$,8.37316664,20200,911,5.7,0.6986,0.0047,\N,1.698,\N,\N,MAR 1976,\N,Jesus Perez Rios,2019-09-15,2
95,BCl,30,A $^1\\Pi$,8.37316664,36750.92,849.04,11.37,0.7054,0.0082,16,1.6894,\N,\N,MAR 1976,\N,Jesus Perez Rios,2019-09-15,2
96,BeBr,31,X $^2\\Sigma^+$,8.0885053,0,715,3.8,0.5459,\N,13.1,1.953,\N,\N,APR 1976,\N,Jesus Perez Rios,2019-09-15,2
97,BeBr,31,A $^2\\Pi$,8.0885053,26353,702,4.4,0.5332,\N,13.1,1.976,\N,\N,APR 1976,\N,Jesus Perez Rios,2019-09-15,2
98,BeBr,31,A $^2\\Pi$,8.0885053,26554,695,5.2,0.5332,\N,13.1,1.976,\N,\N,APR 1976,\N,Jesus Perez Rios,2019-09-15,2
99,BeCl,32,X $^2\\Sigma^+$,7.1654906,0,846.7,4.85,0.7285,0.0069,25,1.7971,\N,\N,SEP 1976,\N,Jesus Perez Rios,2019-09-15,2
100,BeCl,32,A $^2\\Pi$,7.1654906,27992,822.11,5.24,0.7094,0.0068,23,1.8211,\N,\N,SEP 1976,\N,Jesus Perez Rios,2019-09-15,2
101,BeF,33,X $^2\\Sigma^+$,6.112585,0,1247.36,9.12,1.48893,0.0176,8.28,1.361,5.85,\N,APR 1976,\N,Jesus Perez Rios,2019-09-15,2
102,BeF,33,A $^2\\Pi$,6.112585,33233.7,1154.67,8.78,1.42024,0.0175,8.4,1.3935,\N,\N,APR 1976,\N,Jesus Perez Rios,2019-09-15,2
103,BeH,34,X $^2\\Sigma^+$,0.90645687,0,2060.78,36.31,10.3164,0.303,10221,1.3426,2.034,8.21,SEP 1976,\N,Jesus Perez Rios,2019-09-15,2
104,BeH,34,A $^2\\Pi$,0.90645687,20033.19,2088.58,40.14,10.4567,0.3222,10410,1.3336,\N,\N,SEP 1976,\N,Jesus Perez Rios,2019-09-15,2
105,BeD,35,X $^2\\Sigma^+$,1.64619882,0,1530.32,20.71,5.6872,0.1225,3.138,1.3419,2.066,\N,SEP 1976,\N,Jesus Perez Rios,2019-09-15,2
106,BeD,35,A $^2\\Pi$,1.64619882,20036.11,1551.13,23,5.7614,0.1344,3.181,1.3332,\N,\N,SEP 1976,\N,Jesus Perez Rios,2019-09-15,2
107,BeT,36,X $^2\\Sigma^+$,2.25978267,0,1305,15,4.142,0.064,1670,1.342,2.08,\N,APR 1976,\N,Jesus Perez Rios,2019-09-15,2
108,BeT,36,A $^2\\Pi$,2.25978267,20037.91,1322,16,4.192,0.068,1660,1.334,\N,\N,APR 1976,\N,Jesus Perez Rios,2019-09-15,2
109,BeI,37,X $^2\\Sigma^+$,8.4146148,0,611.7,1.6,0.4219,\N,8,2.1791,\N,\N,SEP 1976,\N,Jesus Perez Rios,2019-09-15,2
110,BeI,37,A $^2\\Pi_{0.5}$,8.4146148,23544.7,603.8,2.1,0.4216,\N,7.3,2.1799,\N,\N,SEP 1976,\N,Jesus Perez Rios,2019-09-15,2
111,BeI,37,A $^2\\Pi_{1.5}$,8.4146148,\N,\N,\N,0.4182,\N,8.2,2.1887,\N,\N,SEP 1976,\N,Jesus Perez Rios,2019-09-15,2
112,BeO,38,X $^1\\Sigma^+$,5.76432735,0,1487.32,11.83,1.651,0.019,82,1.3309,4.6,\N,APR 1976,\N,Jesus Perez Rios,2019-09-15,2
113,BeO,38,a $^3\\Pi$,5.76432735,8480,\N,\N,\N,\N,\N,\N,\N,\N,APR 1976,\N,Jesus Perez Rios,2019-09-15,2
114,BeO,38,A $^1\\Pi$,5.76432735,9405.61,1144.24,8.415,1.3661,0.01628,77.9,1.4631,\N,\N,APR 1976,\N,Jesus Perez Rios,2019-09-15,2
115,BeS,39,X $^1\\Sigma$,7.0304599,0,997.94,6.137,0.79059,0.00664,20,1.74153,3.8,\N,APR 1976,\N,Jesus Perez Rios,2019-09-15,2
116,BeS,39,A $^1\\Pi$,7.0304599,7960.1,762.46,4.12,0.659,0.00605,20,1.9075,\N,\N,APR 1976,\N,Jesus Perez Rios,2019-09-15,2
117,BF,40,X $^1\\Sigma^+$,6.97018325,0,1402.13,11.84,1.50724,0.0198,76,1.26259,7.81,11.115,APR 1976,\N,Jesus Perez Rios,2019-09-15,2
118,BF,40,a $^3\\Pi$,6.97018325,29144.3,1323.86,9.2,1.4135,0.0158,63,1.3081,\N,\N,APR 1976,\N,Jesus Perez Rios,2019-09-15,2
119,BF,40,A $^1\\Pi$,6.97018325,51157.45,1264.96,12.53,1.4227,0.018,73,1.3038,\N,\N,APR 1976,\N,Jesus Perez Rios,2019-09-15,2
120,BH,41,X $^1\\Sigma^+$,0.92330324,0,2366.9,49.395,12.021,0.412,12420,1.2324,3.42,9.77,APR 1976,\N,Jesus Perez Rios,2019-09-15,2
121,BH,41,a $^3\\Pi$,0.92330324,\N,\N,\N,12.2667,\N,12200,1.2006,\N,\N,APR 1976,\N,Jesus Perez Rios,2019-09-15,2
122,BH,41,A $^1\\Pi$,0.92330324,23135.8,2250.99,56.665,12.2952,0.8346,14510,1.2186,\N,\N,APR 1976,\N,Jesus Perez Rios,2019-09-15,2
123,BD,42,X $^1\\Sigma^+$,1.70262163,0,1703.26,28,6.542,0.171,4200,1.2302,3.46,\N,APR 1976,\N,Jesus Perez Rios,2019-09-15,2
124,BD,42,A $^1\\Pi$,1.70262163,23142,1594.08,43,6.648,0.28,4030,1.2204,\N,\N,APR 1976,\N,Jesus Perez Rios,2019-09-15,2
125,BiBr,43,X $0^+$,57.2853673,0,209.5,0.45,0.04322,0.00013,0.07347,2.609503,\N,\N,MAY 1976,\N,Jesus Perez Rios,2019-09-15,2
126,BiBr,43,A $0^+$,57.2853673,20532,135.91,0.534,0.0364,0.00025,\N,2.84,\N,\N,MAY 1976,\N,Jesus Perez Rios,2019-09-15,2
127,BiCl,44,X $0^+$,29.9562508,0,308.4,0.96,0.0921,\N,0.31,2.472,3.08,\N,MAY 1976,\N,Jesus Perez Rios,2019-09-15,2
128,BiCl,44,A $0^+$,29.9562508,21801.8,220.3,2.47,0.07927,\N,0.39,2.664,\N,\N,MAY 1976,\N,Jesus Perez Rios,2019-09-15,2
129,BiH,45,X $0^+$,1.00298823,0,1635.73,31.6,5.137,0.148,1830,1.805,2.9,\N,MAY 1976,\N,Jesus Perez Rios,2019-09-15,2
130,BiH,45,A $1$,1.00298823,4917.1,1669.16,35.4,5.2386,0.1546,1904,1.7912,\N,\N,MAY 1976,\N,Jesus Perez Rios,2019-09-15,2
131,BiD,46,X $0^+$,1.994887609,0,1173.32,16.1,2.592,0.054,506,1.804,\N,\N,MAY 1976,\N,Jesus Perez Rios,2019-09-15,2
132,BiD,46,A $1$,1.994887609,4916,1206.9,19,2.6084,0.058,493,1.79,\N,\N,MAY 1976,\N,Jesus Perez Rios,2019-09-15,2
133,BiO,47,X $^2\\Pi_{0.5}$,14.85773557,0,692.4,4.34,0.3034,0.0022,2.21,1.934,3.47,\N,MAY 1976,\N,Jesus Perez Rios,2019-09-15,2
134,BiO,47,X $^2\\Pi_{1.5}$,14.85773557,8000,\N,\N,\N,\N,\N,\N,\N,\N,MAY 1976,\N,Jesus Perez Rios,2019-09-15,2
135,BiO,47,A $^2\\Pi_{0.5}$,14.85773557,14187,508.8,2.78,0.24715,0.00167,2.33,2.1426,\N,\N,MAY 1976,\N,Jesus Perez Rios,2019-09-15,2
136,BiS,48,X $^2\\Pi$,27.7296867,0,408.71,1.46,0.11276,0.00049,0.334,2.3194,3.17,\N,MAY 1976,\N,Jesus Perez Rios,2019-09-15,2
137,BiS,48,A $^2\\Pi$,27.7296867,13343.9,303.74,1.159,0.09258,0.00042,0.35,2.563,\N,\N,MAY 1976,\N,Jesus Perez Rios,2019-09-15,2
138,BN,49,X $^3\\Pi$,6.16351276,0,1514.6,12.3,1.666,0.025,81,1.281,\N,\N,JUN 1976,\N,Jesus Perez Rios,2019-09-15,2
139,BN,49,A $^3\\Pi$,6.16351276,27875,1317.6,14.9,1.555,0.01,87,1.326,\N,\N,JUN 1976,\N,Jesus Perez Rios,2019-09-15,2
140,B0,50,X $^2\\Sigma^+$,6.52094009,0,1885.69,11.81,1.782,0.0166,63.2,1.2045,8.28,\N,JUN 1976,\N,Jesus Perez Rios,2019-09-15,2
141,B0,50,A $^2\\Pi$,6.52094009,23833.7,\N,\N,1.4018,\N,76.3,1.3533,\N,\N,JUN 1976,\N,Jesus Perez Rios,2019-09-15,2
142,B0,50,A $^2\\Pi$,6.52094009,23958.76,1260.7,11.157,1.4018,0.0196,76.3,1.3533,\N,\N,JUN 1976,\N,Jesus Perez Rios,2019-09-15,2
143,BS,51,X $^2\\Sigma^+$,8.18936774,0,1180.17,6.31,0.79489,0.00605,14,1.6092,6.01,\N,JUN 1976,\N,Jesus Perez Rios,2019-09-15,2
144,BS,51,A $^2\\Pi$,8.18936774,15876,753.16,4.67,0.6185,0.0059,16.9,1.8182,\N,\N,JUN 1976,\N,Jesus Perez Rios,2019-09-15,2
145,BS,51,A $^2\\Pi$,8.18936774,16209.7,753.61,4.67,0.6209,0.0059,16.9,1.8182,\N,\N,JUN 1976,\N,Jesus Perez Rios,2019-09-15,2
146,CaF,52,X $^2\\Sigma^+$,12.8767412,0,581.1,2.74,0.3385,0.0026,4.5,1.967,5.48,\N,JUL 1976,\N,Jesus Perez Rios,2019-09-15,2
147,CaF,52,A $^2\\Pi$,12.8767412,16489.8,586.8,3.427,0.3436,0.0028,4.6,1.952,\N,\N,JUL 1976,\N,Jesus Perez Rios,2019-09-15,2
148,CaF,52,A $^2\\Pi$,12.8767412,16562.3,593.4,3.113,0.3436,0.0028,4.6,1.952,\N,\N,JUL 1976,\N,Jesus Perez Rios,2019-09-15,2
149,CaH,53,X $^2\\Sigma^+$,0.98303388,0,1298.34,19.1,4.2766,0.097,1837,2.0025,1.7,5.86,JUL 1976,\N,Jesus Perez Rios,2019-09-15,2
150,CaH,53,A $^2\\Pi$,0.98303388,14413,1333,20,4.34769,0.106,1883,1.974,\N,\N,JUL 1976,\N,Jesus Perez Rios,2019-09-15,2
151,CaO,54,X $^1\\Sigma^+$,11.42292245,0,732.11,4.81,0.44452,0.00338,6.58,1.8221,4.76,\N,SEP 1976,\N,Jesus Perez Rios,2019-09-15,2
152,CaO,54,a $^3\\Pi$,11.42292245,8313,556,3.3,0.335,0.0015,\N,2.099,\N,\N,SEP 1976,\N,Jesus Perez Rios,2019-09-15,2
153,CaO,54,A\' $^1\\Pi$,11.42292245,8433,545.7,2.54,0.337,0.0021,\N,2.093,\N,\N,SEP 1976,\N,Jesus Perez Rios,2019-09-15,2
154,CaS,55,X $^1\\Sigma^+$,17.761769,0,462.23,1.78,0.17667,0.000837,1.02,2.3178,3.46,\N,JUL 1976,\N,Jesus Perez Rios,2019-09-15,2
155,CaS,55,A $^1\\Sigma^+$,17.761769,15220.79,409.04,0.818,0.16666,0.000605,1.09,2.3864,\N,\N,JUL 1976,\N,Jesus Perez Rios,2019-09-15,2
156,CF,56,X $^2\\Pi$,7.35459964,0,1308.1,11.1,1.4172,0.0184,65,1.2718,5.67,9.2,NOV 1974,\N,Jesus Perez Rios,2019-09-15,2
157,CF,56,a $^4\\Sigma^-$,7.35459964,22000,1324,11,1.302,0.013,\N,\N,\N,\N,NOV 1974,\N,Jesus Perez Rios,2019-09-15,2
158,CF,56,A $^2\\Sigma^+$,7.35459964,42692.9,1780.4,30.73,1.7228,0.0189,68,1.1535,\N,\N,NOV 1974,\N,Jesus Perez Rios,2019-09-15,2
159,CF,56,B $^2\\Delta$,7.35459964,49399.6,1153.34,19.4,1.3206,0.0228,40,1.3174,\N,\N,NOV 1974,\N,Jesus Perez Rios,2019-09-15,2
160,CH,57,X $^2\\Pi$,0.92974056,0,2858.5,63.02,14.457,0.534,14500,1.1199,3.46,10.64,AUG 1976,\N,Jesus Perez Rios,2019-09-15,2
161,CH,57,a $^4\\Sigma^-$,0.92974056,5844,3145,72,15.4,0.55,\N,1.085,\N,\N,AUG 1976,\N,Jesus Perez Rios,2019-09-15,2
162,CH,57,A $^2\\Delta$,0.92974056,23189.8,2930.7,96.65,14.934,0.697,15400,1.1019,\N,\N,AUG 1976,\N,Jesus Perez Rios,2019-09-15,2
163,CD,58,X $^2\\Pi$,1.7246361,0,2099.75,34.02,7.806,0.208,4200,1.119,3.5,10.64,AUG 1976,\N,Jesus Perez Rios,2019-09-15,2
164,CD,58,A $^2\\Delta$,1.7246361,23184.4,2203.3,78.5,8.032,0.26,4500,1.1032,\N,\N,AUG 1976,\N,Jesus Perez Rios,2019-09-15,2
165,ClF,59,X $^1\\Sigma^+$,12.3102869,0,186.15,6.161,0.51648,0.0043577,8.77,1.628313,2.617,12.66,SEP 1976,\N,Jesus Perez Rios,2019-09-15,2
166,ClF,59,B $^3\\Pi_0^+$,12.3102869,18826.4,363.1,8.64,0.3319,0.0047,10,2.031,\N,\N,SEP 1976,\N,Jesus Perez Rios,2019-09-15,2
167,ClO,60,X $^2\\Pi$,10.97493095,0,853.8,5.5,0.62345,0.0058,13.3,1.56963,2.751,11,SEP 1976,\N,Jesus Perez Rios,2019-09-15,2
168,ClO,60,X $^2\\Pi$,10.97493095,318,853.8,5.5,0.62345,0.0058,13.3,1.56963,\N,\N,SEP 1976,\N,Jesus Perez Rios,2019-09-15,2
169,ClO,60,A $^2\\Pi$,10.97493095,31650,519.5,7.2,0.445,0.006,13.1,1.858,\N,\N,SEP 1976,\N,Jesus Perez Rios,2019-09-15,2
170,ClO,60,A $^2\\Pi$,10.97493095,32169,519.5,7.2,0.445,0.006,13.1,1.858,\N,\N,SEP 1976,\N,Jesus Perez Rios,2019-09-15,2
171,CN,61,X $^2\\Sigma^+$,6.46219329,0,2068.59,13.087,1.89974,0.017369,64,1.17182,7.76,14.17,SEP 1976,\N,Jesus Perez Rios,2019-09-15,2
172,CN,61,A $^2\\Pi$,6.46219329,9245.28,1812.56,12.609,1.7151,0.01708,59.3,1.2333,\N,\N,SEP 1976,\N,Jesus Perez Rios,2019-09-15,2
173,CO,62,X $^1\\Sigma^+$,6.85620871,0,2169.81538,13.28831,1.93128,0.0175,61.2147,1.128323,11.092,14.014,OCT 1976,\N,Jesus Perez Rios,2019-09-15,2
174,CO,62,a $^3\\Pi$,6.85620871,48686.7,1743.41,14.36,1.69124,0.01904,63.6,1.20574,\N,\N,OCT 1976,\N,Jesus Perez Rios,2019-09-15,2
175,CO,62,a\' $^3\\Sigma^+$,6.85620871,55825.49,1228.6,10.468,1.3446,0.01892,64.1,1.3523,\N,\N,OCT 1976,\N,Jesus Perez Rios,2019-09-15,2
176,CO,62,d $^3\\Delta$,6.85620871,61120.1,1171.94,10.635,1.3108,0.01782,6.59,1.3696,\N,\N,OCT 1976,\N,Jesus Perez Rios,2019-09-15,2
177,CO,62,e $^3\\Sigma^+$,6.85620871,64230.24,1117.72,10.686,1.2836,0.01753,67.7,1.384,\N,\N,OCT 1976,\N,Jesus Perez Rios,2019-09-15,2
178,CO,62,A $^1\\Pi$,6.85620871,65075.77,1518.24,19.4,1.6115,0.02325,73.3,1.2353,\N,\N,OCT 1976,\N,Jesus Perez Rios,2019-09-15,2
179,CoD,63,X$_1$ $4$,1.94754294,0,1373.22,17.59,3.7571,0.0747,1125,1.51785,3.2,\N,DEC 1974,\N,Jesus Perez Rios,2019-09-15,2
180,CoD,63,X$_2$ $3$,1.94754294,\N,\N,\N,3.7559,\N,1223,1.5181,\N,\N,DEC 1974,\N,Jesus Perez Rios,2019-09-15,2
181,CoD,63,A$_1$ $4$,1.94754294,22367.4,1180.9,32.7,3.394,0.106,1000,1.597,\N,\N,DEC 1974,\N,Jesus Perez Rios,2019-09-15,2
182,CP,64,X $^2\\Sigma^+$,8.64911823,0,1239.67,6.86,0.7986,0.00597,13.3,1.5622,5.28,\N,OCT 1976,\N,Jesus Perez Rios,2019-09-15,2
183,CP,64,A $^2\\Pi$,8.64911823,6894.9,1061.99,6.035,0.7135,0.0058,13,1.653,\N,\N,OCT 1976,\N,Jesus Perez Rios,2019-09-15,2
184,CP,64,A $^2\\Pi$,8.64911823,7053.2,1061.99,6.035,0.7135,0.0058,13,1.653,\N,\N,OCT 1976,\N,Jesus Perez Rios,2019-09-15,2
185,CrH,65,X $6/\\Sigma^+$,0.98864215,0,1581.2,32,6.22,0.179,3470,1.6557,\N,\N,DEC 1974,\N,Jesus Perez Rios,2019-09-15,2
186,CrH,65,A $6/\\Sigma^+$,0.98864215,11611,1479.4,21.5,5.337,0.131,2470,1.787,\N,\N,DEC 1974,\N,Jesus Perez Rios,2019-09-15,2
187,CrO,66,X $^5\\Pi$,12.22902549,0,898.4,6.75,\N,\N,\N,1.615,4.4,\N,DEC 1974,\N,Jesus Perez Rios,2019-09-15,2
188,CrO,66,B $^5\\Pi$,12.22902549,16586,750.5,9.4,\N,\N,\N,1.703,\N,\N,DEC 1974,\N,Jesus Perez Rios,2019-09-15,2
189,CS,67,X $^1\\Sigma^+$,8.72519418,0,1285.08,6.46,0.82005,0.005924,14.3,1.534941,7.35,11.335,OCT 1976,\N,Jesus Perez Rios,2019-09-15,2
190,CS,67,a $^3\\Pi$,8.72519418,27661,1135.1,7.73,0.7851,0.0072,19.4,1.5687,\N,\N,OCT 1976,\N,Jesus Perez Rios,2019-09-15,2
191,CS,67,a\' $^3\\Sigma^+$,8.72519418,31331.4,830.7,5.04,0.6489,0.006,15.8,1.7255,\N,\N,OCT 1976,\N,Jesus Perez Rios,2019-09-15,2
192,CS,67,d $^3\\Delta$,8.72519418,35675,795.6,4.91,0.6367,0.0061,16.3,1.742,\N,\N,OCT 1976,\N,Jesus Perez Rios,2019-09-15,2
193,CS,67,e $^3\\Sigma^-$,8.72519418,38683,752,4.7,0.6194,0.004,16.8,1.766,\N,\N,OCT 1976,\N,Jesus Perez Rios,2019-09-15,2
194,CS,67,A $^1\\Pi$,8.72519418,38904.4,1073.4,10.1,0.78,0.0063,16.5,1.5739,\N,\N,OCT 1976,\N,Jesus Perez Rios,2019-09-15,2
195,CsH,68,X $^1\\Sigma^+$,1.00024037,0,891,12.93,2.7099,0.0579,1130,2.4938,1.81,\N,NOV 1976,\N,Jesus Perez Rios,2019-09-15,2
196,CsH,68,A $^1\\Sigma^+$,1.00024037,17845.8,165.7,-7.77,1.075,-0.021,980,3.96,\N,\N,NOV 1976,\N,Jesus Perez Rios,2019-09-15,2
197,CuF,69,X $^1\\Sigma^+$,14.5928363,0,622.65,3.95,0.3794,0.0032298,5.63,1.74493,4.42,\N,AUG 1975,\N,Jesus Perez Rios,2019-09-15,2
198,CuF,69,A $^1\\Pi$,14.5928363,17543.4,649.2,4,0.3675,\N,\N,1.773,\N,\N,AUG 1975,\N,Jesus Perez Rios,2019-09-15,2
199,CuH,70,X $^1\\Sigma^+$,0.99193919,0,1941.26,37.51,7.9441,0.2563,5200,1.46263,2.73,\N,JAN 1975,\N,Jesus Perez Rios,2019-09-15,2
200,CuH,70,A $^1\\Sigma^+$,0.99193919,23434.2,1698.4,44,6.874,0.263,4350,1.5724,\N,\N,JAN 1975,\N,Jesus Perez Rios,2019-09-15,2
201,CuD,71,X $^1\\Sigma^+$,1.95163876,0,1384.14,18.97,4.0381,0.0917,1362,1.46255,2.76,\N,JAN 1975,\N,Jesus Perez Rios,2019-09-15,2
202,CuD,71,A $^1\\Pi$,1.95163876,23412.9,1210.9,19.5,3.521,0.0096,1160,1.5663,\N,\N,JAN 1975,\N,Jesus Perez Rios,2019-09-15,2
203,CuI,72,X $^1\\Sigma^+$,42.0685643,0,264.5,0.6,0.07328742,0.0002839,0.22439,2.338324,3.27,\N,AUG 1975,\N,Jesus Perez Rios,2019-09-15,2
204,CuI,72,A $^1\\Pi$,42.0685643,19734.2,213.3,2.22,0.06761,0.00042,0.27,2.435,\N,\N,AUG 1975,\N,Jesus Perez Rios,2019-09-15,2
205,CuO,73,X$_1$ $^2\\Pi$,12.75337037,0,640.17,4.43,0.44454,0.00456,8.5,1.72437,2.79,\N,AUG 1975,\N,Jesus Perez Rios,2019-09-15,2
206,CuO,73,X$_2$ $^2\\Pi$,12.75337037,279.02,636.18,4.36,0.44415,0.00449,8.4,1.72513,\N,\N,AUG 1975,\N,Jesus Perez Rios,2019-09-15,2
207,CuO,73,A $^2\\Sigma^+$,12.75337037,16491.3,631.02,6,0.43387,0.00475,7.93,1.74543,\N,\N,AUG 1975,\N,Jesus Perez Rios,2019-09-15,2
208,CuS,74,X $^2\\Pi$,21.2007816,0,415,1.75,0.1891,\N,1.8,2.051,\N,\N,SEP 1976,\N,Jesus Perez Rios,2019-09-15,2
209,CuS,74,X $^2\\Pi$,21.2007816,433.4,413.4,1.65,\N,\N,\N,\N,2.8,\N,SEP 1976,\N,Jesus Perez Rios,2019-09-15,2
210,CuS,74,A $^2\\Sigma^+$,21.2007816,17946.1,375.2,3.66,0.1806,\N,1.8,2.099,\N,\N,SEP 1976,\N,Jesus Perez Rios,2019-09-15,2
211,CuSe,75,X $^2\\Pi$,35.2065168,0,302.37,0.99,0.10774,\N,0.59,2.1081,2.55,\N,SEP 1976,\N,Jesus Perez Rios,2019-09-15,2
212,CuSe,75,X $^2\\Pi$,35.2065168,1590.9,302.37,0.99,0.10775,\N,0.59,2.1081,\N,\N,SEP 1976,\N,Jesus Perez Rios,2019-09-15,2
213,CuSe,75,A $^2\\Sigma^+$,35.2065168,17960.4,253,2.74,0.10169,\N,0.7,2.1699,\N,\N,SEP 1976,\N,Jesus Perez Rios,2019-09-15,2
214,CuTe,76,X,42.3933,0,252.67,0.701,0.07205,0.00028,0.265,2.349,2.35,\N,OCT 1975,\N,Jesus Perez Rios,2019-09-15,2
215,CuTe,76,A,42.3933,15991.92,200.58,2.009,0.0673,0.00052,0.341,2.431,\N,\N,OCT 1975,\N,Jesus Perez Rios,2019-09-15,2
216,GaCl,77,X $^1\\Sigma^+$,23.1990149,0,365.3,1.2,0.1499045,0.0007936,1.01,2.20169,4.92,\N,JUL 1976,\N,Jesus Perez Rios,2019-09-15,2
217,GaCl,77,A $^3\\Pi_0^+$,23.1990149,29527.2,395.3,2.3,0.15779,\N,\N,2.146,\N,\N,JUL 1976,\N,Jesus Perez Rios,2019-09-15,2
218,GaF,78,X $^1\\Sigma^+$,14.8932747,0,622.2,3.2,0.3595161,0.0028642,5,1.774369,5.98,\N,JUL 1976,\N,Jesus Perez Rios,2019-09-15,2
219,GaF,78,A $^3\\Pi_0^+$,14.8932747,33105.5,663.02,2.18,0.37098,0.00302,\N,1.7467,\N,\N,JUL 1976,\N,Jesus Perez Rios,2019-09-15,2
220,GaH,79,X $^1\\Sigma^+$,0.99330124,0,1604.52,28.77,6.137,0.181,3420,1.663,2.84,\N,JUL 1976,\N,Jesus Perez Rios,2019-09-15,2
221,GaH,79,a $^3\\Pi_0^-$,0.99330124,17333,1492.5,\N,6.358,0.22,2430,1.6338,\N,\N,JUL 1976,\N,Jesus Perez Rios,2019-09-15,2
222,GaH,79,a $^3\\Pi_0^+$,0.99330124,17337.08,1640.54,62.72,6.394,0.276,2620,1.6292,\N,\N,JUL 1976,\N,Jesus Perez Rios,2019-09-15,2
223,GaH,79,a $^3\\Pi_1$,0.99330124,17622.01,1631.17,58.22,6.692,0.326,4890,1.5925,\N,\N,JUL 1976,\N,Jesus Perez Rios,2019-09-15,2
224,GaH,79,a $^3\\Pi_2$,0.99330124,\N,\N,\N,6.811,\N,6200,1.5785,\N,\N,JUL 1976,\N,Jesus Perez Rios,2019-09-15,2
225,GaH,79,A $^1\\Pi$,0.99330124,\N,\N,\N,5.1,\N,\N,1.82,\N,\N,SEP 1976,\N,Jesus Perez Rios,2019-09-15,2
226,GaO,80,X $^2\\Sigma^+$,12.98224643,0,767.5,6.24,0.4271,\N,3.7,1.7436,\N,\N,SEP 1976,\N,Jesus Perez Rios,2019-09-15,2
227,GaO,80,B $^2\\Sigma^+$,12.98224643,25706.9,762.9,3.44,0.4013,\N,2.9,1.7988,3.91,\N,SEP 1976,\N,Jesus Perez Rios,2019-09-15,2
228,GeF,81,X $^2\\Pi_{0.5}$,15.1139772,0,665.67,3.15,0.36578,0.002675,4.47,1.7452,\N,\N,SEP 1976,\N,Jesus Perez Rios,2019-09-15,2
229,GeF,81,X $^2\\Pi_{1.5}$,15.1139772,934.33,667.33,3.15,0.3666,0.002675,4.5,1.7452,5,7.46,SEP 1976,\N,Jesus Perez Rios,2019-09-15,2
230,GeF,81,A $^2\\Sigma^+$,15.1139772,23316.65,413.03,1.124,0.32039,0.00307,7.78,1.86582,\N,\N,SEP 1976,\N,Jesus Perez Rios,2019-09-15,2
231,GeH,82,X $^2\\Pi$,0.99389799,0,1833.77,37,6.725,0.1916,3260,1.588,3.3,\N,SEP 1976,\N,Jesus Perez Rios,2019-09-15,2
232,GeH,82,a $^4\\Sigma^-$,0.99389799,16747,\N,\N,6.7654,\N,4600,1.5834,\N,\N,SEP 1976,\N,Jesus Perez Rios,2019-09-15,2
233,GeH,82,A $^2\\Delta$,0.99389799,25454,1185.15,127,6.535,0.6196,5710,1.611,\N,\N,SEP 1976,\N,Jesus Perez Rios,2019-09-15,2
234,GeD,83,X $^2\\Pi$,1.95923588,0,1320.09,19,3.4145,0.0702,832,1.5874,3.3,\N,SEP 1976,\N,Jesus Perez Rios,2019-09-15,2
235,GeD,83,A $^2\\Delta$,1.95923588,25460,1027.82,65.73,3.286,0.167,1400,1.6182,\N,\N,SEP 1976,\N,Jesus Perez Rios,2019-09-15,2
236,GeO,84,X $^1\\Sigma^+$,13.14962564,0,985.5,4.29,0.4856962,0.0030756,4.72,1.624648,6.78,11.1,SEP 1976,\N,Jesus Perez Rios,2019-09-15,2
237,GeO,84,a\' $^3\\Sigma^+$,13.14962564,27733,633.3,2.7,0.389,\N,\N,1.815,\N,\N,SEP 1976,\N,Jesus Perez Rios,2019-09-15,2
238,GeO,84,a $^3\\Pi_1$,13.14962564,32132,734.9,5.3,0.438,\N,\N,1.711,\N,\N,SEP 1976,\N,Jesus Perez Rios,2019-09-15,2
239,GeO,84,A $^1\\Pi$,13.14962564,37766.9,650.4,4.21,0.4133,0.0033,8.2,1.761,\N,\N,SEP 1976,\N,Jesus Perez Rios,2019-09-15,2
240,HF,85,X $^1\\Sigma^+$,0.95705545,0,4138.32,89.88,20.9557,0.798,21.51,0.916808,5.869,16.039,JAN 1977,\N,Jesus Perez Rios,2019-09-15,2
241,HF,85,B $^1\\Sigma^+$,0.95705545,84776.65,1159.18,18.005,4.0291,0.0177,1.932,2.09086,\N,\N,JAN 1977,\N,Jesus Perez Rios,2019-09-15,2
242,DF,86,X $^1\\Sigma^+$,1.8210454,0,2998.192,45.761,11.0102,0.3017,5940,0.91694,5.938,16.058,JAN 1977,\N,Jesus Perez Rios,2019-09-15,2
243,DF,86,B $^1\\Sigma^+$,1.8210454,84824,839.4,8.9,2.121,0.00712,554.3,2.0891,\N,\N,JAN 1977,\N,Jesus Perez Rios,2019-09-15,2
244,HfO,87,X $^1\\Sigma^+$,14.68923287,0,974.09,3.228,0.386537,0.001724,2.438,1.723071,8.19,7.55,JAN 1975,\N,Jesus Perez Rios,2019-09-15,2
245,HfO,87,A $^1\\Sigma^+$,14.68923287,16616.92,914.24,3.38,0.377985,0.001827,2.587,1.742454,\N,\N,JAN 1975,\N,Jesus Perez Rios,2019-09-15,2
246,HoF,88,X,17.0360178,0,645.28,2.603,0.26295,0.00145,1.78,1.9399,5.57,\N,FEB 1975,\N,Jesus Perez Rios,2019-09-15,2
247,HoF,88,A,17.0360178,19152.77,539.45,4.39,0.24591,0.00217,1.73,2.006,\N,\N,FEB 1975,\N,Jesus Perez Rios,2019-09-15,2
248,ICl,89,X $^1\\Sigma^+$,27.4146708,0,384.293,1.501,0.1141587,0.0005354,0.403,2.320878,2.1531,10.08,JAN 1977,\N,Jesus Perez Rios,2019-09-15,2
249,ICl,89,A $^3\\Pi_1$,27.4146708,13742,212.3,2.39,0.08483,\N,0.54,2.6923,\N,\N,JAN 1977,\N,Jesus Perez Rios,2019-09-15,2
250,IF,90,X $^1\\Sigma^+$,16.5245715,0,610.24,3.123,0.2797108,0.0018734,2.37,1.9098,2.879,10.5,JAN 1977,\N,Jesus Perez Rios,2019-09-15,2
251,IF,90,A $^3\\Pi_1$,16.52457,15706,380.5,3.8,\N,\N,\N,\N,\N,\N,JAN 1977,\N,Jesus Perez Rios,2019-09-15,2
252,IF,90,B $^3\\Pi_0^+$,16.52457,19052.2,411.34,2.825,0.22721,0.00139,2.8,2.1189,\N,\N,JAN 1977,\N,Jesus Perez Rios,2019-09-15,2
253,InCl,91,X $^1\\Sigma^+$,26.8097927,0,317.4,1.01,0.109058,0.0005178,0.514,2.401169,4.44,9.51,JAN 1977,\N,Jesus Perez Rios,2019-09-15,2
254,InCl,91,A $^3\\Pi_0^+$,26.8097927,27764.7,340.3,2,0.1155,0.000654,0.65,2.333,\N,\N,JAN 1977,\N,Jesus Perez Rios,2019-09-15,2
255,InF,92,X $^1\\Sigma^+$,16.3028614,0,535.35,2.64,0.26232411,0.00187977,2.52,1.985396,5.25,\N,JAN 1977,\N,Jesus Perez Rios,2019-09-15,2
256,InF,92,A $^3\\Pi_0^+$,16.3028614,30445.86,575.2,3.676,0.2732,0.00202,2.5,1.9455,\N,\N,JAN 1977,\N,Jesus Perez Rios,2019-09-15,2
257,InH,93,X $^1\\Sigma^+$,0.99906241,0,1476.04,25.61,4.9945,0.1428,2230,1.838,2.48,\N,JAN 1977,\N,Jesus Perez Rios,2019-09-15,2
258,InH,93,a $^3\\Pi_0^-$,0.99906241,16230,1303.42,\N,5.349,0.326,2810,1.776,\N,\N,JAN 1977,\N,Jesus Perez Rios,2019-09-15,2
259,InH,93,a $^3\\Pi_0^+$,0.99906241,16278.15,1458.57,61.03,5.329,0.2468,2770,1.7794,\N,\N,JAN 1977,\N,Jesus Perez Rios,2019-09-15,2
260,InH,93,a $^3\\Pi_1$,0.99906241,16941.61,1415.11,43.55,5.3996,0.2356,3210,1.7678,\N,\N,JAN 1977,\N,Jesus Perez Rios,2019-09-15,2
261,InH,93,a $^3\\Pi_2$,0.99906241,17800,1300.9,\N,5.489,0.332,3460,1.753,\N,\N,JAN 1977,\N,Jesus Perez Rios,2019-09-15,2
262,IO,94,X $^2\\Pi_{1.5}$,14.20458333,0,681.47,4.29,0.34026,0.002696,3.6,1.8676,1.8,\N,JAN 1977,\N,Jesus Perez Rios,2019-09-15,2
263,IO,94,X $^2\\Pi_{1.5}$,14.20458333,2330,\N,\N,\N,\N,\N,\N,\N,\N,JAN 1977,\N,Jesus Perez Rios,2019-09-15,2
264,IO,94,A $^2\\Pi_{1.5}$,14.20458333,21557.81,514.57,5.52,0.27635,0.00273,3.2,2.0723,\N,\N,JAN 1977,\N,Jesus Perez Rios,2019-09-15,2
265,KH,95,X $^1\\Sigma^+$,0.98241434,0,983.6,14.32,3.4123,0.0817,1530,2.2425,1.86,\N,JAN 1977,\N,Jesus Perez Rios,2019-09-15,2
266,KH,95,A $^1\\Sigma^+$,0.98241434,19052.8,228.2,-5.75,1.269,-0.0375,950,3.68,\N,\N,JAN 1977,\N,Jesus Perez Rios,2019-09-15,2
267,KD,96,X $^1\\Sigma^+$,1.91510699,0,706.6,7.73,1.7539,0.0318,470,2.2403,1.89,\N,JAN 1977,\N,Jesus Perez Rios,2019-09-15,2
268,KD,96,A $^1\\Sigma^+$,1.91510699,19060,161,-3.3,0.659,-0.0127,270,3.65,\N,\N,JAN 1977,\N,Jesus Perez Rios,2019-09-15,2
269,LaO,97,X $^2\\Sigma^+$,14.3433002,0,812.75,2.22,0.3526,0.0014,2.6,1.8257,8.23,4.95,FEB 1975,\N,Jesus Perez Rios,2019-09-15,2
270,LaO,97,a\' $^2\\Delta$,14.3433002,7493.4,768,2.17,0.3435,0.0016,2.8,1.8485,\N,\N,FEB 1975,\N,Jesus Perez Rios,2019-09-15,2
271,LaO,97,a\' $^2\\Delta$,14.3433002,8191.2,771.6,2.3,0.3444,0.0017,2.8,1.8485,\N,\N,FEB 1975,\N,Jesus Perez Rios,2019-09-15,2
272,LaO,97,A $^2\\Pi$,14.3433002,12663.3,761.8,2.12,0.3463,\N,3.1,1.8422,\N,\N,FEB 1975,\N,Jesus Perez Rios,2019-09-15,2
273,LaO,97,A $^2\\Pi$,14.3433002,13525.6,757.17,2.01,0.3463,\N,3.1,1.8422,\N,\N,FEB 1975,\N,Jesus Perez Rios,2019-09-15,2
274,LaS,98,X $^2\\Sigma^+$,25.9899651,0,456.7,0.965,0.11693,0.00034,0.3,2.3552,5.91,\N,FEB 1975,\N,Jesus Perez Rios,2019-09-15,2
275,LaS,98,B $^2\\Sigma^+$,25.9899651,13790.17,410.075,0.94,0.11099,0.00034,0.31,2.4174,\N,\N,FEB 1975,\N,Jesus Perez Rios,2019-09-15,2
276,LiO,99,X $^2\\Pi$,4.8768325,0,851.5,12.5,1.202,0.0151,\N,1.695,3.49,8.45,JAN 1977,\N,Jesus Perez Rios,2019-09-15,2
277,LiO,99,A $^2\\Sigma^+$,4.8768325,2330,866.7,6.7,1.349,0.0199,\N,1.599,\N,\N,JAN 1977,\N,Jesus Perez Rios,2019-09-15,2
278,LuF,100,X $^1\\Sigma^+$,17.1373091,0,611.79,2.54,0.26764,0.00156,2.04,1.9171,\N,\N,MAR 1976,\N,Jesus Perez Rios,2019-09-15,2
279,LuF,100,A $^1\\Sigma$,17.1373091,16164.66,587.9,2.58,0.26356,0.00162,2.08,1.9319,\N,\N,MAR 1976,\N,Jesus Perez Rios,2019-09-15,2
280,LuF,100,B $^1\\Pi$,17.1373091,16799.9,576.08,2.5,0.26241,0.0016,2.03,1.9361,\N,\N,MAR 1976,\N,Jesus Perez Rios,2019-09-15,2
281,LuD,101,X $^1\\Sigma^+$,1.99117769,0,1075.35,10.3,2.3203,0.0356,433,1.9102,3.4,\N,MAR 1975,\N,Jesus Perez Rios,2019-09-15,2
282,LuD,101,A $^1\\Pi$,1.99117769,\N,\N,\N,\N,\N,\N,\N,\N,\N,MAR 1975,\N,Jesus Perez Rios,2019-09-15,2
283,LuD,101,B $^1\\Pi$,1.99117769,15306.3,988.54,12.1,2.2681,0.04,444,1.932,\N,\N,MAR 1975,\N,Jesus Perez Rios,2019-09-15,2
284,MgBr,102,X $^2\\Sigma^+$,18.3945343,0,373.8,1.34,0.1645,\N,\N,2.36,3.35,\N,MAR 1977,\N,Jesus Perez Rios,2019-09-15,2
285,MgBr,102,A $^2\\Pi$,18.3945343,25766.9,393.9,2.04,0.1685,\N,\N,2.332,\N,\N,MAR 1977,\N,Jesus Perez Rios,2019-09-15,2
286,MgBr,102,A $^2\\Pi$,18.3945343,25877,393.9,2.04,0.1685,\N,\N,2.332,\N,\N,MAR 1977,\N,Jesus Perez Rios,2019-09-15,2
287,MgCl,103,X $^2\\Sigma^+$,14.226871,0,462.12,2.1,0.24502,0.00158,2.52,2.1991,3.29,\N,MAR 1977,\N,Jesus Perez Rios,2019-09-15,2
288,MgCl,103,A $^2\\Pi_{1.5}$,14.226871,26469.4,491.6,2.54,0.24914,0.0018,2.25,2.1808,\N,\N,MAR 1977,\N,Jesus Perez Rios,2019-09-15,2
289,MgCl,103,A $^2\\Pi_{0.5}$,14.226871,26523.4,491.6,2.54,0.25116,0.0018,2.25,2.172,\N,\N,MAR 1977,\N,Jesus Perez Rios,2019-09-15,2
290,MgH,104,X $^2\\Sigma^+$,0.96718516,0,1495.2,31.889,5.8257,0.1859,3440,1.7297,1.34,\N,MAR 1977,\N,Jesus Perez Rios,2019-09-15,2
291,MgH,104,A $^2\\Pi$,0.96718516,19226.8,1598.17,31.085,6.1913,0.1931,3600,1.6778,\N,\N,MAR 1977,\N,Jesus Perez Rios,2019-09-15,2
292,MgD,105,X $^2\\Sigma^+$,1.85807372,0,1077.89,16.12,3.0306,0.06289,921,1.7302,1.36,\N,MAR 1977,\N,Jesus Perez Rios,2019-09-15,2
293,MgD,105,A $^2\\Pi$,1.85807372,19235.5,1154.75,16.675,3.219,0.06795,964,1.6778,\N,\N,MAR 1977,\N,Jesus Perez Rios,2019-09-15,2
294,MgO,106,X $^1\\Sigma^+$,9.9577628,0,785.06,5.18,0.5743,0.005,12.2,1.749,3.53,\N,MAR 1977,\N,Jesus Perez Rios,2019-09-15,2
295,MgO,106,a $^3\\Pi$,9.9577628,2400,650,\N,0.5,\N,\N,1.87,\N,\N,MAR 1977,\N,Jesus Perez Rios,2019-09-15,2
296,MgO,106,A $^1\\Pi$,9.9577628,3563.3,664.44,3.91,0.5056,0.0046,11.8,1.864,\N,\N,MAR 1977,\N,Jesus Perez Rios,2019-09-15,2
297,MgS,107,X $^1\\Sigma^+$,13.7042725,0,528.74,2.704,0.26797,0.00176,2.76,2.1425,2.4,\N,MAR 1977,\N,Jesus Perez Rios,2019-09-15,2
298,MgS,107,B $^1\\Sigma^+$,13.7042725,23052.59,497.34,2.333,0.25518,0.00155,2.69,2.1956,\N,\N,MAR 1977,\N,Jesus Perez Rios,2019-09-15,2
299,MnH,108,X $7/\\Sigma$,0.98966996,0,1548,28.8,5.6841,0.157,3039,1.7311,2.5,\N,OCT 1975,\N,Jesus Perez Rios,2019-09-15,2
300,MnH,108,A $7/\\Pi$,0.98966996,17597,1623,33,6.425,0.187,3620,1.628,\N,\N,OCT 1975,\N,Jesus Perez Rios,2019-09-15,2
301,MnD,109,X $7/\\Sigma$,1.94287387,0,1102.5,13.9,2.8957,0.0513,795,1.731,2.6,\N,OCT 1975,\N,Jesus Perez Rios,2019-09-15,2
302,MnD,109,A $7/\\Pi$,1.94287387,17602,1205,17,3.244,\N,951,1.635,\N,\N,OCT 1975,\N,Jesus Perez Rios,2019-09-15,2
303,MnO,110,X $6/\\Sigma$,12.38816716,0,839.6,4.7,0.435,\N,\N,1.769,3.7,\N,MAR 1975,\N,Jesus Perez Rios,2019-09-15,2
304,MnO,110,A $6/\\Sigma$,12.38816716,17949,762.8,9.6,0.39,\N,\N,1.868,\N,\N,MAR 1975,\N,Jesus Perez Rios,2019-09-15,2
305,NBr,111,X $^3\\Sigma^-$,11.89283845,0,691.75,4.72,0.444,0.004,\N,1.787,2.9,\N,MAY 1977,\N,Jesus Perez Rios,2019-09-15,2
306,NBr,111,b $^1\\Sigma^+$,11.89283845,14787.3,785.5,4.363,0.4733,0.0152,\N,1.7306,\N,\N,MAY 1977,\N,Jesus Perez Rios,2019-09-15,2
307,NCl,112,X $^3\\Sigma^-$,9.99902349,0,827,5.1,0.64685,\N,17.8,1.6144,\N,\N,MAY 1977,\N,Jesus Perez Rios,2019-09-15,2
308,NCl,112,b $^1\\Sigma^+$,9.99902349,14984.6,935.6,5.4,0.68284,\N,16.5,1.5713,\N,\N,MAY 1977,\N,Jesus Perez Rios,2019-09-15,2
309,NF,113,X $^3\\Sigma^-$,8.06133789,0,1141.37,8.99,1.20568,0.01492,53.9,1.31698,3.5,\N,MAY 1977,\N,Jesus Perez Rios,2019-09-15,2
310,NF,113,a $^1\\Delta$,8.06133789,12003.6,\N,\N,1.2225,\N,45,1.3079,\N,\N,MAY 1977,\N,Jesus Perez Rios,2019-09-15,2
311,NF,113,b $^1\\Sigma^+$,8.06133789,18877.05,1197.49,8.64,1.2377,0.01448,52.8,1.2998,\N,\N,MAY 1977,\N,Jesus Perez Rios,2019-09-15,2
312,NH,114,X $^3\\Sigma^-$,0.9416028,0,3282.27,78.35,16.6993,0.649,17097,1.03621,3.47,13.63,MAR 1977,\N,Jesus Perez Rios,2019-09-15,2
313,NH,114,a $^1\\Delta$,0.9416028,12566,3188,68,16.439,0.66,16200,1.0341,\N,\N,MAR 1977,\N,Jesus Perez Rios,2019-09-15,2
314,NH,114,b $^1\\Sigma^+$,0.9416028,21202,3352.4,74.24,16.705,0.591,16000,1.036,\N,\N,MAR 1977,\N,Jesus Perez Rios,2019-09-15,2
315,NH,114,A $^3\\Pi$,0.9416028,29807.4,3231.2,98.6,16.6745,0.7454,17800,1.03698,\N,\N,MAR 1977,\N,Jesus Perez Rios,2019-09-15,2
316,ND,115,X $^3\\Sigma^-$,1.76083613,0,2398,42,8.7913,0.2531,4904,1.03612,3.54,\N,MAR 1977,\N,Jesus Perez Rios,2019-09-15,2
317,ND,115,a $^1\\Delta$,1.76083613,12596,2356.17,36,8.9542,0.2427,7838,1.034,\N,\N,MAR 1977,\N,Jesus Perez Rios,2019-09-15,2
318,ND,115,b $^1\\Sigma^+$,1.76083613,21198,2371.81,38.8,8.9472,0.2383,4640,1.0344,\N,\N,MAR 1977,\N,Jesus Perez Rios,2019-09-15,2
319,ND,115,A $^3\\Pi$,1.76083613,29820,2361,53,8.7575,0.2829,5087,1.0372,\N,\N,MAR 1977,\N,Jesus Perez Rios,2019-09-15,2
320,NO,116,X $^2\\Pi$,7.46643323,0,1904.204,14.075,1.67195,0.0171,5.4,1.15077,6.4968,9.26436,MAR 1977,\N,Jesus Perez Rios,2019-09-15,2
321,NO,116,X $^2\\Pi$,7.46643323,119.82,1904.04,14.1,1.72016,0.0182,102.3,1.15077,\N,\N,MAR 1977,\N,Jesus Perez Rios,2019-09-15,2
322,NO,116,a $^4\\Pi$,7.46643323,38440,1017,11,\N,\N,\N,\N,\N,\N,MAR 1977,\N,Jesus Perez Rios,2019-09-15,2
323,NO,116,A $^2\\Sigma^+$,7.46643323,43965.7,2374.31,16.106,1.9965,0.01915,54,1.0634,\N,\N,MAR 1977,\N,Jesus Perez Rios,2019-09-15,2
324,NO,116,B $^2\\Pi$,7.46643323,45913.6,1037.2,7.7,1.092,0.012,49,1.4167,\N,\N,MAR 1977,\N,Jesus Perez Rios,2019-09-15,2
325,NO,116,B $^2\\Pi$,7.46643323,45942.6,1039.8,8.32,1.152,0.012,49,1.4167,\N,\N,MAR 1977,\N,Jesus Perez Rios,2019-09-15,2
326,NS,117,X $^2\\Pi$,9.73802894,0,1218.7,7.28,0.769602,0.00635,12,1.49402,4.8,8.87,MAY 1977,\N,Jesus Perez Rios,2019-09-15,2
327,NS,117,X $^2\\Pi$,9.73802894,221.5,1218.7,7.28,0.775156,0.00635,12,1.49402,\N,\N,MAY 1977,\N,Jesus Perez Rios,2019-09-15,2
328,NS,117,B $^2\\Pi$,9.73802894,30294.9,797.31,3.72,0.5962,0.0048,13,1.697,\N,\N,MAY 1977,\N,Jesus Perez Rios,2019-09-15,2
329,NS,117,B $^2\\Pi$,9.73802894,30384.1,798.78,3.59,0.6013,0.0046,13,1.697,\N,\N,MAY 1977,\N,Jesus Perez Rios,2019-09-15,2
330,NSe,118,X $^2\\Pi_{0.5}$,11.91526639,0,956.81,5.643,0.5182,0.004,6.5,1.6518,4,\N,MAY 1977,\N,Jesus Perez Rios,2019-09-15,2
331,NSe,118,X $^2\\Pi_{1.5}$,11.91526639,891.8,954.96,5.648,0.5189,0.004,6.5,1.6518,\N,\N,MAY 1977,\N,Jesus Perez Rios,2019-09-15,2
332,NSe,118,a $^4\\Pi$,11.91526639,19700,710.7,10.3,0.361,0.002,\N,1.98,\N,\N,MAY 1977,\N,Jesus Perez Rios,2019-09-15,2
333,OH,119,X $^2\\Pi$,0.9480871,0,3737.761,84.8813,18.9108,0.7242,19380,0.96966,4.392,12.9,MAY 1977,\N,Jesus Perez Rios,2019-09-15,2
334,OH,119,A $^2\\Sigma^+$,0.9480871,32684.1,3178.86,92.917,17.358,0.7868,20390,1.0121,\N,\N,MAY 1977,\N,Jesus Perez Rios,2019-09-15,2
335,OD,120,X $^2\\Pi$,1.78884797,0,2720.24,44.055,10.0209,0.2757,5374,0.96975,4.453,12.91,MAY 1977,\N,Jesus Perez Rios,2019-09-15,2
336,OD,120,A $^2\\Sigma^+$,1.78884797,32680.85,2316.17,50.433,9.1936,0.3181,5763,1.0124,\N,\N,MAY 1977,\N,Jesus Perez Rios,2019-09-15,2
337,PbF,121,X $^2\\Pi_{0.5}$,17.4081886,0,502.73,2.28,0.22875,0.001473,1.83,2.0575,3.64,7.5,JUL 1977,\N,Jesus Perez Rios,2019-09-15,2
338,PbF,121,X $^2\\Pi_{1.5}$,17.4081886,8263.5,528.73,1.5,0.23403,0.00145,1.78,2.0342,\N,\N,JUL 1977,\N,Jesus Perez Rios,2019-09-15,2
339,PbF,121,A $^2\\Sigma^+$,17.4081886,22556.5,394.73,1.77,0.20762,0.00143,2.22,2.1597,\N,\N,JUL 1977,\N,Jesus Perez Rios,2019-09-15,2
340,PbF,121,B $^2\\Sigma^+$,17.4081886,35644.4,605.75,3.42,0.2481,0.001479,1.63,1.9756,\N,\N,JUL 1977,\N,Jesus Perez Rios,2019-09-15,2
341,PbH,122,X $^2\\Pi_{0.5}$,1.002965,0,1564.1,29.75,4.971,0.144,2010,1.8388,1.59,\N,MAY 1977,\N,Jesus Perez Rios,2019-09-15,2
342,PbH,122,A,1.002965,17590,500,10,\N,0.005,\N,2.36,\N,\N,MAY 1977,\N,Jesus Perez Rios,2019-09-15,2
343,PbH,122,B,1.002965,18030,478.8,\N,2.478,\N,\N,2.604,\N,\N,MAY 1977,\N,Jesus Perez Rios,2019-09-15,2
344,PbO,123,X $^1\\Sigma^+$,14.85263923,0,721,3.54,0.3073056,0.00191,2.23,1.921813,3.83,\N,JUL 1977,\N,Jesus Perez Rios,2019-09-15,2
345,PbO,123,a $1$,14.85263923,16024.9,481.5,2.45,0.252,\N,\N,2.12,\N,\N,JUL 1977,\N,Jesus Perez Rios,2019-09-15,2
346,PbO,123,b $0^-$,14.85263923,16454,441,\N,\N,\N,\N,\N,\N,\N,JUL 1977,\N,Jesus Perez Rios,2019-09-15,2
347,PbO,123,A $0^+$,14.85263923,19862.6,444.3,0.54,0.25869,0.00138,3.3,2.0946,\N,\N,JUL 1977,\N,Jesus Perez Rios,2019-09-15,2
348,PbS,124,X $^1\\Sigma^+$,27.7119401,0,429.4,1.3,0.11631868,0.00043509,0.3415,2.286863,3.49,\N,JUL 1977,\N,Jesus Perez Rios,2019-09-15,2
349,PbS,124,a $1$,27.7119401,14892.9,285.9,0.88,0.09267,0.000374,\N,2.562,\N,\N,JUL 1977,\N,Jesus Perez Rios,2019-09-15,2
350,PbS,124,A $0^+$,27.7119401,18853,260.83,0.363,0.09634,0.000262,\N,2.513,\N,\N,JUL 1977,\N,Jesus Perez Rios,2019-09-15,2
351,PF,125,X $^3\\Sigma^-$,11.7755965,0,846.75,4.489,0.5665,0.00456,\N,1.5897,\N,\N,JUL 1977,\N,Jesus Perez Rios,2019-09-15,2
352,PF,125,a $^1\\Delta$,11.7755965,7090.43,858.79,4.438,0.5699,0.00467,10,1.5849,\N,\N,JUL 1977,\N,Jesus Perez Rios,2019-09-15,2
353,PF,125,b $^1\\Sigma^+$,11.7755965,13353.9,866.14,4.51,0.5725,0.0045,9,1.5813,\N,\N,JUL 1977,\N,Jesus Perez Rios,2019-09-15,2
354,PH,126,X $^3\\Sigma^-$,0.97606596,0,2365.2,44.5,8.5371,0.2514,4360,1.42234,3.02,\N,JUL 1977,\N,Jesus Perez Rios,2019-09-15,2
355,PH,126,a $^1\\Delta$,0.97606596,7660,\N,\N,8.443,0.12,4180,1.4302,\N,\N,JUL 1977,\N,Jesus Perez Rios,2019-09-15,2
356,PH,126,A $^3\\Pi_2$,0.97606596,29498,1834.38,98.5,8.0222,\N,5683,1.46728,\N,\N,JUL 1977,\N,Jesus Perez Rios,2019-09-15,2
357,PH,126,A $^3\\Pi_1$,0.97606596,29498,1833.74,98.5,8.0222,\N,5683,1.46728,\N,\N,JUL 1977,\N,Jesus Perez Rios,2019-09-15,2
358,PH,126,A $^3\\Pi_0^-$,0.97606596,29498,1833.39,98.5,8.0222,\N,5683,1.46728,\N,\N,JUL 1977,\N,Jesus Perez Rios,2019-09-15,2
359,PH,126,A $^3\\Pi_0^+$,0.97606596,29498,1833.78,98.5,8.0222,\N,5683,1.46728,\N,\N,JUL 1977,\N,Jesus Perez Rios,2019-09-15,2
360,PD,127,X $^3\\Sigma^-$,1.89112949,0,1699.2,23,4.4081,0.0928,1160,1.422,3.06,\N,JUL 1977,\N,Jesus Perez Rios,2019-09-15,2
361,PD,127,A $^3\\Pi_2$,1.89112949,29505,1357.54,50.8,4.172,\N,1506,1.4617,\N,\N,JUL 1977,\N,Jesus Perez Rios,2019-09-15,2
362,PD,127,A $^3\\Pi_1$,1.89112949,29505,1357.21,50.8,4.172,\N,1506,1.4617,\N,\N,JUL 1977,\N,Jesus Perez Rios,2019-09-15,2
363,PD,127,A $^3\\Pi_0^-$,1.89112949,29505,1357.14,50.8,4.172,\N,1506,1.4617,\N,\N,JUL 1977,\N,Jesus Perez Rios,2019-09-15,2
364,PD,127,A $^3\\Pi_0^+$,1.89112949,29505,1357.4,50.8,4.172,\N,1506,1.4617,\N,\N,JUL 1977,\N,Jesus Perez Rios,2019-09-15,2
365,PN,128,X $^1\\Sigma^+$,9.64336165,0,1337.24,6.983,0.7864854,0.0055364,10.91,1.490866,6.36,11.85,JUL 1977,\N,Jesus Perez Rios,2019-09-15,2
366,PN,128,A $^1\\Pi$,9.64336165,39805.66,1103.09,7.222,0.73071,0.00663,12.9,1.5467,\N,\N,JUL 1977,\N,Jesus Perez Rios,2019-09-15,2
367,PO,129,X $^2\\Pi$,10.54793811,0,1233.34,6.56,0.7337,0.0055,13,1.4759,6.15,8.23,SEP 1977,\N,Jesus Perez Rios,2019-09-15,2
368,PO,129,B $^2\\Sigma^+$,10.54793811,30730.88,1164.51,13.46,0.7463,0.0088,12.5,1.4634,\N,\N,SEP 1977,\N,Jesus Perez Rios,2019-09-15,2
369,PO,129,b $^4\\Sigma^-$,10.54793811,34837,889,6.62,0.644,0.006,\N,1.575,\N,\N,SEP 1977,\N,Jesus Perez Rios,2019-09-15,2
370,PO,129,B\' $^2\\Pi$,10.54793811,33120.7,759.2,3.85,0.542,0.0049,10,1.7172,\N,\N,SEP 1977,\N,Jesus Perez Rios,2019-09-15,2
371,PO,129,A $^2\\Sigma^+$,10.54793811,40406.89,1390.94,6.91,0.7801,0.00542,10,1.4313,\N,\N,SEP 1977,\N,Jesus Perez Rios,2019-09-15,2
372,PtC,130,X $^1\\Sigma^+$,11.30422952,0,1051.13,4.86,0.53044,0.003273,5.46,1.67672,6.28,\N,MAY 1975,\N,Jesus Perez Rios,2019-09-15,2
373,PtC,130,A\'\' $^1\\Sigma^+$,11.30422952,12697.19,943.4,5.28,0.50957,0.003705,6.04,1.71071,\N,\N,MAY 1975,\N,Jesus Perez Rios,2019-09-15,2
374,PtC,130,A\' $^1\\Pi$,11.30422952,13262.8,906.93,5.6,0.50584,0.0039,6.2,1.717,\N,\N,MAY 1975,\N,Jesus Perez Rios,2019-09-15,2
375,PtC,130,A $^1\\Pi$,11.30422952,18627.01,818.74,5.44,0.48023,0.00411,6.7,1.76219,\N,\N,MAY 1975,\N,Jesus Perez Rios,2019-09-15,2
376,PtH,131,X $^2\\Delta_{2.5}$,1.00264229,0,2294.68,46,7.1963,0.1996,2613,1.52852,3.44,\N,AMY 1975,\N,Jesus Perez Rios,2019-09-15,2
377,PtH,131,X $^2\\Delta_{1.5}$,1.00264229,\N,2177.31,43,2.2784,0.2029,2834,1.51987,\N,\N,MAY 1975,\N,Jesus Perez Rios,2019-09-15,2
378,PtH,131,A\' $^2\\Delta_{1.5}$,1.00264229,\N,1500.08,58,6.1103,0.2869,4717,1.65879,\N,\N,MAY 1975,\N,Jesus Perez Rios,2019-09-15,2
379,PtH,131,A $^2\\Delta_{2.5}$,1.00264229,22311,1690.6,55.3,5.534,\N,3550,1.743,\N,\N,MAY 1975,\N,Jesus Perez Rios,2019-09-15,2
380,PtH,131,B\' $^2\\Phi_{3.5}$,1.00264229,24218,1428.7,74,5.758,0.326,3600,1.7088,\N,\N,MAY 1975,\N,Jesus Perez Rios,2019-09-15,2
381,PtH,131,B $^2\\Delta_{2.5}$,1.00264229,26962,1548.18,80,6.003,0.301,3150,1.6736,\N,\N,MAY 1975,\N,Jesus Perez Rios,2019-09-15,2
382,PtD,132,X $^2\\Delta_{2.5}$,1.9935081,0,1644.3,23,3.64,0.071,660,1.5242,3.59,\N,MAY 1975,\N,Jesus Perez Rios,2019-09-15,2
383,PtD,132,A $^2\\Delta_{2.5}$,1.9935081,22287,1198.5,26.5,2.935,0.109,760,1.6974,\N,\N,MAY 1975,\N,Jesus Perez Rios,2019-09-15,2
384,PtD,132,B $^2\\Delta_{2.5}$,1.9935081,26497,1211.8,40.3,3.039,0.111,770,1.6681,\N,\N,MAY 1975,\N,Jesus Perez Rios,2019-09-15,2
385,PtO,133,X $^1\\Sigma$,14.78218442,0,851.11,4.98,0.38224,0.00283,3.05,1.72726,3.82,\N,JAN 1976,\N,Jesus Perez Rios,2019-09-15,2
386,PtO,133,A $^1\\Sigma$,14.78218442,16995.12,727.07,5.42,0.35385,0.00291,3.27,1.79523,\N,\N,JAN 1976,\N,Jesus Perez Rios,2019-09-15,2
387,RbH,134,X $^1\\Sigma^+$,0.99600357,0,936.94,14.21,3.02,0.072,1230,2.367,\N,\N,JUL 1977,\N,Jesus Perez Rios,2019-09-15,2
388,RbH,134,A $^1\\Sigma^+$,0.99600357,18219,211.7,-6.47,1.112,-0.054,1100,3.901,\N,\N,JUL 1977,\N,Jesus Perez Rios,2019-09-15,2
389,RhC,135,X $^2\\Sigma^+$,10.74679641,0,1049.87,4.937,0.6027,0.00396,7.83,1.6133,6.01,\N,MAY 1975,\N,Jesus Perez Rios,2019-09-15,2
390,RhC,135,A $^2\\Pi$,10.74679641,9462.94,949.41,5.357,0.57329,0.00426,8.26,1.6554,\N,\N,MAY 1975,\N,Jesus Perez Rios,2019-09-15,2
391,RhC,135,A $^2\\Pi$,10.74679641,10242.75,939.12,5.48,0.57149,0.00428,8.32,1.6554,\N,\N,MAY 1975,\N,Jesus Perez Rios,2019-09-15,2
392,SbF,136,X$_1$ $^3\\Sigma^-$ $0^+$,16.4184644,0,605,2.62,0.2792,0.002,2.3,1.9177,4.4,\N,JUL 1977,\N,Jesus Perez Rios,2019-09-15,2
393,SbF,136,X$_2$ $^3\\Sigma^-$ $1$,16.4184644,796.3,612.6,2.61,0.2805,0.002,2.4,1.9132,\N,\N,JUL 1977,\N,Jesus Perez Rios,2019-09-15,2
394,SbF,136,a $^1\\Delta$,16.4184644,6816,616.3,2.7,0.2806,0.00187,2.3,1.9129,\N,\N,JUL 1977,\N,Jesus Perez Rios,2019-09-15,2
395,SbF,136,b $^1\\Sigma^+$,16.4184644,13651.1,615.5,2.8,0.2815,0.0025,2.4,1.9098,\N,\N,JUL 1977,\N,Jesus Perez Rios,2019-09-15,2
396,SbF,136,A,16.4184644,21407.5,416,2.1,0.23853,\N,3.22,2.0747,\N,\N,JUL 1977,\N,Jesus Perez Rios,2019-09-15,2
397,ScCl,137,X $^1\\Sigma^+$,22.4779587,0,447.4,1.8,0.1725,0.001,1.1,2.229,3.4,\N,MAY 1975,\N,Jesus Perez Rios,2019-09-15,2
398,ScCl,137,A $^1\\Sigma^+$,22.4779587,12431.2,373.9,0.9,0.1574,\N,1.1,2.333,\N,\N,MAY 1975,\N,Jesus Perez Rios,2019-09-15,2
399,ScCl,137,B $^1\\Pi$,22.4779587,17613.3,374.3,2.3,0.1551,\N,1.1,2.351,\N,\N,MAY 1975,\N,Jesus Perez Rios,2019-09-15,2
400,ScF,138,X $^1\\Sigma^+$,13.3546988,0,735.6,3.8,0.395,0.00266,\N,1.7877,6.17,\N,MAY 1975,\N,Jesus Perez Rios,2019-09-15,2
401,ScF,138,a $^3\\Delta_1$,13.3546988,\N,648.91,3.03,0.3623,0.0025,\N,1.8666,\N,\N,MAY 1975,\N,Jesus Perez Rios,2019-09-15,2
402,ScF,138,a $^3\\Delta_2$,13.3546988,\N,648.98,3.03,0.3665,0.00254,\N,1.8559,\N,\N,MAY 1975,\N,Jesus Perez Rios,2019-09-15,2
403,ScF,138,a $^3\\Delta_3/$,13.3546988,\N,649.11,3.03,0.3706,0.00258,\N,1.8456,\N,\N,MAY 1975,\N,Jesus Perez Rios,2019-09-15,2
404,ScF,138,B $^1\\Pi$,13.3547,10735.4,586.25,2.015,0.03431,0.00262,\N,1.9181,\N,\N,MAY 1975,\N,Jesus Perez Rios,2019-09-15,2
405,ScO,139,X $^2\\Sigma^+$,11.79747757,0,964.95,4.2,0.51343,0.0033,5.85,1.66826,6.96,\N,JAN 1977,\N,Jesus Perez Rios,2019-09-15,2
406,ScO,139,A $^2\\Pi$,11.79747757,16547,876,5,0.50277,0.0037,6.54,1.68585,\N,\N,JAN 1977,\N,Jesus Perez Rios,2019-09-15,2
407,SeO,140,X$_1$  $^3\\Sigma^-$ $0^-$,13.32748238,0,914.69,4.52,0.4655,0.00323,5,1.6484,4.41,\N,OCT 1977,\N,Jesus Perez Rios,2019-09-15,2
408,SeO,140,X$_2$  $^3\\Sigma^-$ $1$,13.32748238,165.9,915.43,4.52,0.4738,0.00339,5,1.6339,\N,\N,OCT 1977,\N,Jesus Perez Rios,2019-09-15,2
409,SeO,140,a $^1\\Delta$,13.32748238,5300,\N,\N,0.461,\N,\N,1.656,\N,\N,OCT 1977,\N,Jesus Perez Rios,2019-09-15,2
410,SeO,140,b $^1\\Sigma^+$,13.32748238,9723.5,838.83,5.11,0.456,0.0035,8,1.6655,\N,\N,OCT 1977,\N,Jesus Perez Rios,2019-09-15,2
411,SeO,140,A$_1$ $^3\\Pi_0$,13.32748238,16144,994,6.5,0.47,\N,\N,1.64,\N,\N,OCT 1977,\N,Jesus Perez Rios,2019-09-15,2
412,SeO,140,A_2 $^3\\Pi_1$,13.32748238,16458,996,7,0.47,\N,\N,1.64,\N,\N,OCT 1977,\N,Jesus Perez Rios,2019-09-15,2
413,SeO,140,A3/ $^3\\Pi_2$,13.32748238,16773,980,\N,0.47,\N,\N,1.64,\N,\N,OCT 1977,\N,Jesus Perez Rios,2019-09-15,2
414,SeS,141,X$_1$ $0^+$,22.66987689,0,555.56,1.848,0.17926,0.00076,0.6,2.0367,3.7,\N,JUL 1977,\N,Jesus Perez Rios,2019-09-15,2
415,SeS,141,X$_2$ $1$,22.66987689,205,556.26,1.831,0.18121,0.00089,0.7,2.0257,\N,\N,JUL 1977,\N,Jesus Perez Rios,2019-09-15,2
416,SeS,141,A $0^+$,22.66987689,27328.4,332.1,2.66,0.1186,0.00095,\N,2.504,\N,\N,JUL 1977,\N,Jesus Perez Rios,2019-09-15,2
417,SeS,141,B$_1$ $0^+$,22.66987689,28248.2,330.82,2.92,0.1369,0.00121,\N,2.331,\N,\N,JUL 1977,\N,Jesus Perez Rios,2019-09-15,2
418,SeS,141,$B_2$ $0^+$,22.66987689,28330,327.56,\N,0.1349,\N,\N,2.348,\N,\N,JUL 1977,\N,Jesus Perez Rios,2019-09-15,2
419,SH,142,X $^2\\Pi$,0.97702732,0,2711.6,59.9,9.4611,0.27,4800,1.3409,3.55,10.43,JUL 1977,\N,Jesus Perez Rios,2019-09-15,2
420,SH,142,A $^2\\Sigma^+$,0.97702732,31038,1979.8,97.65,8.521,0.464,6360,1.423,\N,\N,JUL 1977,\N,Jesus Perez Rios,2019-09-15,2
421,SH,142,B $^2\\Sigma^$,0.97702732,59641,2557.03,56.8,8.785,0.259,8200,1.4014,\N,\N,JUL 1977,\N,Jesus Perez Rios,2019-09-15,2
422,SD,143,X $^2\\Pi$,1.89474169,0,1885.5,30.9,4.9003,0.1,1350,1.3406,3.6,10.43,JUL 1977,\N,Jesus Perez Rios,2019-09-15,2
423,SD,143,A $^2\\Sigma^+$,1.89474169,31039,1417,48.85,4.392,0.172,1760,1.4233,\N,\N,JUL 1977,\N,Jesus Perez Rios,2019-09-15,2
424,SD,143,B $^2\\Sigma^$,1.89474169,59581,1859.16,29.3,4.532,0.105,1350,1.4011,\N,\N,JUL 1977,\N,Jesus Perez Rios,2019-09-15,2
425,SiCl,144,X $^2\\Pi$,15.5422824,0,535.6,2.168,0.2561,0.0016,2.5,2.058,\N,\N,SEP 1977,\N,Jesus Perez Rios,2019-09-15,2
426,SiCl,144,X $^2\\Pi$,15.5422824,206.6,535.6,2.16,0.2561,0.0016,2.5,2.058,\N,\N,SEP 1977,\N,Jesus Perez Rios,2019-09-15,2
427,SiCl,144,A $^2\\Sigma^$,15.5422824,23113.9,294.95,0.73,0.1986,0.0007,2.9,2.337,\N,\N,SEP 1977,\N,Jesus Perez Rios,2019-09-15,2
428,SiCl,144,B $^2\\Sigma^+$,15.54228,34108.6,706.6,3.9,0.2784,0.0017,1.8,1.971,\N,\N,SEP 1977,\N,Jesus Perez Rios,2019-09-15,2
429,SiF,145,X $^2\\Pi$,11.3148108,0,857.19,4.735,0.58121,0.00494,10.7,1.6011,5.57,7.28,SEP 1977,\N,Jesus Perez Rios,2019-09-15,2
430,SiF,145,A $^2\\Sigma^+$,11.3148108,22858.3,718.58,10.167,0.57839,0.00941,15.7,1.6011,\N,\N,SEP 1977,\N,Jesus Perez Rios,2019-09-15,2
431,SiH,146,X $^2\\Pi$,0.97278226,0,2041.8,35.51,7.4996,0.219,3970,1.5201,3.06,8.04,AUG 1977,\N,Jesus Perez Rios,2019-09-15,2
432,SiH,146,A $^2\\Delta$,0.97278226,24300.4,1858.9,99.175,7.4664,0.3445,5240,1.52347,\N,\N,AUG 1977,\N,Jesus Perez Rios,2019-09-15,2
433,SiD,147,X $^2\\Pi$,1.87884152,0,1469.32,18.23,3.884,0.0781,1054,1.51989,3.095,\N,AUG 1977,\N,Jesus Perez Rios,2019-09-15,2
434,SiD,147,A $^2\\Delta$,1.87884152,2413.8,1328.08,48.11,3.868,0.1318,1.379,1.52304,\N,\N,AUG 1977,\N,Jesus Perez Rios,2019-09-15,2
435,SiN,148,X $^2\\Sigma^+$,9.33213399,0,1151.36,6.47,0.7311,0.00565,12,1.5719,\N,\N,SEP 1977,\N,Jesus Perez Rios,2019-09-15,2
436,SiN,148,A $^2\\Pi$,9.33213399,8000,1044.41,6.2,0.67516,0.00538,11,1.6357,\N,\N,SEP 1977,\N,Jesus Perez Rios,2019-09-15,2
437,SiN,148,B $^2\\Sigma^+$,9.33213399,24299.2,1031.03,16.85,0.7238,0.01048,15,1.5798,\N,\N,SEP 1977,\N,Jesus Perez Rios,2019-09-15,2
438,SiO,149,X $^1\\Sigma^+$,10.17670761,0,1241.557,5.966,0.7267512,0.0050377,9.8,1.509739,8.26,11.43,AUG 1977,\N,Jesus Perez Rios,2019-09-15,2
439,SiO,149,a $^3\\Sigma^+$,10.17670761,33630,790,4.1,0.57,0.0052,\N,1.7,\N,\N,AUG 1977,\N,Jesus Perez Rios,2019-09-15,2
440,SiO,149,b $^3\\Pi_0$,10.17670761,33874.8,1013.8,7.5,0.66386,0.0044,5,1.5624,\N,\N,AUG 1977,\N,Jesus Perez Rios,2019-09-15,2
441,SiO,149,b $^3\\Pi_1$,10.17670761,33947.4,1013.8,7.5,0.6707,0.0044,12.5,1.5624,\N,\N,AUG 1977,\N,Jesus Perez Rios,2019-09-15,2
442,SiO,149,b $^3\\Pi_2$,10.17670761,34018.5,1013.8,7.5,0.6892,0.0044,22,1.5624,\N,\N,AUG 1977,\N,Jesus Perez Rios,2019-09-15,2
443,SiO,149,d $^3\\Delta$,10.17670761,36487,767,4.1,0.5631,0.0052,\N,1.715,\N,\N,AUG 1977,\N,Jesus Perez Rios,2019-09-15,2
444,SiO,149,e $^3\\Sigma^-$,10.17670761,38309,748,4.19,0.5563,0.00515,\N,1.726,\N,\N,AUG 1977,\N,Jesus Perez Rios,2019-09-15,2
445,SiO,149,C $^1\\Sigma^-$,10.17670761,38624,740,4.27,0.5555,0.0052,\N,1.727,\N,\N,AUG 1977,\N,Jesus Perez Rios,2019-09-15,2
446,SiO,149,D $^1\\Delta$,10.17670761,38823,730,3.9,0.5538,0.00516,\N,1.729,\N,\N,AUG 1977,\N,Jesus Perez Rios,2019-09-15,2
447,SiO,149,A $^1\\Pi$,10.17670761,42835.4,825.8,6.43,0.6307,0.0066,1.43,1.6206,\N,\N,AUG 1977,\N,Jesus Perez Rios,2019-09-15,2
448,SnCl,150,X$_1$ $^2\\Pi_{0.5}$,27.0731195,0,351.1,1.06,0.1117,0.0004,\N,2.361,\N,\N,SEP 1977,\N,Jesus Perez Rios,2019-09-15,2
449,SnCl,150,X$_2$ $^2\\Pi_{1.5}$,27.0731195,2356.6,354.4,1.05,0.1122,0.0004,\N,2.356,\N,\N,SEP 1977,\N,Jesus Perez Rios,2019-09-15,2
450,SnCl,150,A\' $^2\\Sigma^+$,27.0731195,19418.4,232.3,0.71,0.0908,\N,\N,2.619,\N,\N,SEP 1977,\N,Jesus Perez Rios,2019-09-15,2
451,SnCl,150,B $^2\\Sigma^+$,27.0731195,33583.3,431.8,1.25,0.1216,0.0006,\N,2.263,\N,\N,SEP 1977,\N,Jesus Perez Rios,2019-09-15,2
452,SnF,151,X $^2\\Pi_{0.5}$,16.3618865,0,577.64,2.69,0.2727,0.0014,2.62,1.944,4.9,\N,SEP 1977,\N,Jesus Perez Rios,2019-09-15,2
453,SnF,151,X $^2\\Pi_{1.5}$,16.3618865,2316.9,582.67,2.82,0.2738,0.0014,2.25,1.94,\N,\N,SEP 1977,\N,Jesus Perez Rios,2019-09-15,2
454,SnF,151,A $^2\\Sigma^+$,16.3618865,20136.9,415.76,2.206,0.2471,0.0026,3.82,2.042,\N,\N,SEP 1977,\N,Jesus Perez Rios,2019-09-15,2
455,SO,152,X $^3\\Sigma^-$,10.66130292,0,1149.22,5.63,0.7208171,0.0057367,11.34,1.481087,5.359,10.29,AUG 1977,\N,Jesus Perez Rios,2019-09-15,2
456,SO,152,a $^1\\Delta$,10.66130292,6350,\N,\N,0.7103383,\N,11.68,1.491971,\N,\N,AUG 1977,\N,Jesus Perez Rios,2019-09-15,2
457,SO,152,b $^1\\Sigma^+$,10.66130292,10510,1068.6,7.25,0.70262,0.00635,12,1.5001,\N,\N,AUG 1977,\N,Jesus Perez Rios,2019-09-15,2
458,SO,152,A $^3\\Pi_0$,10.66130292,38306,415.2,1.6,0.6067,0.0194,37,1.6144,\N,\N,AUG 1977,\N,Jesus Perez Rios,2019-09-15,2
459,SO,152,A $^3\\Pi_1$,10.66130292,38462,413.3,1.6,0.6107,0.0194,40,1.6091,\N,\N,AUG 1977,\N,Jesus Perez Rios,2019-09-15,2
460,SO,152,A $^3\\Pi_2$,10.66130292,38622,412.7,1.7,0.6164,0.0204,48,1.6016,\N,\N,AUG 1977,\N,Jesus Perez Rios,2019-09-15,2
461,SO,152,B $^3\\Sigma^-$,10.66130292,41629,630.4,4.79,0.502,0.0062,12.8,1.775,\N,\N,AUG 1977,\N,Jesus Perez Rios,2019-09-15,2
462,SrF,153,X $^2\\Sigma^+$,15.6221112,0,502.4,2.27,0.25053,0.001546,2.49,2.07537,5.58,\N,OCT 1977,\N,Jesus Perez Rios,2019-09-15,2
463,SrF,153,A $^2\\Pi$,15.6221112,15068.3,507.9,2.21,\N,\N,\N,\N,\N,\N,OCT 1977,\N,Jesus Perez Rios,2019-09-15,2
464,SrF,153,A $^2\\Pi$,15.6221112,15349,507.3,2.18,\N,\N,\N,\N,\N,\N,OCT 1977,\N,Jesus Perez Rios,2019-09-15,2
465,SrF,153,B $^2\\Sigma^+$,15.6221112,17267.42,495.8,2.34,0.249396,0.001557,2.52,2.0801,\N,\N,OCT 1977,\N,Jesus Perez Rios,2019-09-15,2
466,SrH,154,X $^2\\Sigma^+$,0.99640162,0,1206.2,17,3.6751,0.0814,1350,2.1456,1.66,\N,SEP 1977,\N,Jesus Perez Rios,2019-09-15,2
467,SrH,154,A $^2\\Pi$,0.99640162,\N,\N,\N,3.668,\N,1330,2.148,\N,\N,SEP 1977,\N,Jesus Perez Rios,2019-09-15,2
468,SrH,154,A $^2\\Pi$,0.99640162,\N,\N,\N,3.679,\N,1130,2.144,\N,\N,SEP 1977,\N,Jesus Perez Rios,2019-09-15,2
469,SrH,154,B $^2\\Sigma^+$,0.99640162,14340,1193,19,3.8788,0.093,1730,2.0885,\N,\N,SEP 1977,\N,Jesus Perez Rios,2019-09-15,2
470,SrD,155,X $^2\\Sigma^+$,1.96898856,0,841,8.6,1.8609,0.0292,347,2.1449,1.7,\N,SEP 1977,\N,Jesus Perez Rios,2019-09-15,2
471,SrD,155,B $^2\\Sigma^+$,1.96898856,14335,857,10,1.9426,0.0349,402,2.0994,\N,\N,SEP 1977,\N,Jesus Perez Rios,2019-09-15,2
472,SrO,156,X $^1\\Sigma^+$,13.53258615,0,653.49,3.96,0.33798,0.002194,3.6,1.91983,4.88,\N,SEP 1977,\N,Jesus Perez Rios,2019-09-15,2
473,SrO,156,a $^3\\Pi$,13.53258615,9149,463.5,1.61,0.2584,0.002,\N,2.196,\N,\N,SEP 1977,\N,Jesus Perez Rios,2019-09-15,2
474,SrO,156,A\' $^1\\Pi$,13.53258615,9400,472.8,2.06,0.2565,0.0017,\N,2.204,\N,\N,SEP 1977,\N,Jesus Perez Rios,2019-09-15,2
475,SrO,156,A $^1\\Sigma^+$,13.53258615,10886.59,619.58,0.89,0.30471,0.00112,3.2,2.0219,\N,\N,SEP 1977,\N,Jesus Perez Rios,2019-09-15,2
476,SrO,156,B $^1\\Pi$,13.53258615,24701,519.91,3.24,0.2937,0.0015,5,2.059,\N,\N,SEP 1977,\N,Jesus Perez Rios,2019-09-15,2
477,SrS,157,X $^1\\Sigma^+$,23.444937,0,388.38,1.31,0.12072,0.00044,0.475,2.4405,3.48,\N,SEP 1977,\N,Jesus Perez Rios,2019-09-15,2
478,SrS,157,B $^1\\Sigma^+$,23.444937,39332.1,286.8,0.84,0.10566,0.00032,0.575,2.6087,\N,\N,SEP 1977,\N,Jesus Perez Rios,2019-09-15,2
479,TeS,158,X$_1$ $0^+$,25.6573697,0,471.18,1.57,0.13216,0.0005,0.4,2.2297,3.5,\N,NOV 1977,\N,Jesus Perez Rios,2019-09-15,2
480,TeS,158,X$_2$ $1$,25.6573697,\N,472,\N,\N,\N,\N,\N,\N,\N,NOV 1977,\N,Jesus Perez Rios,2019-09-15,2
481,TeS,158,A $0^+$,25.6573697,23549,204.23,1.018,0.09762,0.00075,0.7,2.594,\N,\N,NOV 1977,\N,Jesus Perez Rios,2019-09-15,2
482,TeS,158,B $0^+$,25.6573697,24530,250.3,3.37,0.1027,0.0012,1.1,2.529,\N,\N,NOV 1977,\N,Jesus Perez Rios,2019-09-15,2
483,ThO,159,X $^1\\Sigma^+$,14.96345018,0,895.77,2.39,0.33264,0.001302,1.833,1.84032,9,6,JUN 1975,\N,Jesus Perez Rios,2019-09-15,2
484,ThO,159,H $^1\\Phi$,14.96345018,5321,864,2.4,0.326427,0.001258,1.864,1.85776,\N,\N,JUN 1975,\N,Jesus Perez Rios,2019-09-15,2
485,ThO,159,A $^1\\Sigma^+$,14.96345018,10625.54,841.48,2.44,0.323044,0.001294,1.866,1.86746,\N,\N,JUN 1975,\N,Jesus Perez Rios,2019-09-15,2
486,ThO,159,B $^1\\Pi$,14.96345018,11155.57,842.8,2.18,0.32364,0.00129,1.882,1.8638,\N,\N,JUN 1975,\N,Jesus Perez Rios,2019-09-15,2
487,ThO,159,B $^1\\Pi$,14.96345018,11155.57,842.8,2.18,0.324973,0.001299,1.942,1.8638,\N,\N,JUN 1975,\N,Jesus Perez Rios,2019-09-15,2
488,TiO,160,X $^3\\Delta$,11.99388519,0,1009.02,4.498,0.53541,0.00301,6.03,1.62022,6.87,6.4,NOV 1977,\N,Jesus Perez Rios,2019-09-15,2
489,TiO,160,X $^3\\Delta$,11.99388519,96.4,1009.02,4.498,0.53541,0.00301,6.03,1.62022,\N,\N,NOV 1977,\N,Jesus Perez Rios,2019-09-15,2
490,TiO,160,X $^3\\Delta$,11.99388519,197.5,1009.02,4.498,0.53541,0.00301,6.03,1.62022,\N,\N,NOV 1977,\N,Jesus Perez Rios,2019-09-15,2
491,TiO,160,a $^1\\Delta$,11.99388519,\N,1009.3,3.93,0.5376,0.00298,5.9,1.61692,\N,\N,NOV 1977,\N,Jesus Perez Rios,2019-09-15,2
492,TiO,160,d $^1\\Sigma^+$,11.99388519,\N,1014.6,4.64,0.54922,0.0037,6,1.59972,\N,\N,NOV 1977,\N,Jesus Perez Rios,2019-09-15,2
493,TiO,160,E $^3\\Pi$,11.99388519,12025,924.2,5.1,\N,\N,\N,\N,\N,\N,NOV 1977,\N,Jesus Perez Rios,2019-09-15,2
494,TiO,160,A $^3\\Phi$,11.99388519,14089.91,867.78,3.942,0.50739,0.00315,6.92,1.66436,\N,\N,NOV 1977,\N,Jesus Perez Rios,2019-09-15,2
495,TiO,160,A $^3\\Phi$,11.99388519,14262.8,867.78,3.942,0.50739,0.00315,6.92,1.66436,\N,\N,NOV 1977,\N,Jesus Perez Rios,2019-09-15,2
496,TiO,160,A $^3\\Phi$,11.99388519,14431,867.78,3.942,0.50739,0.00315,6.92,1.66436,\N,\N,NOV 1977,\N,Jesus Perez Rios,2019-09-15,2
497,TiO,160,b $^1\\Pi$,11.99388519,\N,911.2,3.72,0.51337,0.00291,6.1,1.65464,\N,\N,NOV 1977,\N,Jesus Perez Rios,2019-09-15,2
498,TiO,160,B $^3\\Pi$,11.99388519,16293.5,875,5,0.50617,\N,6.86,1.66636,\N,\N,NOV 1977,\N,Jesus Perez Rios,2019-09-15,2
499,TiO,160,B $^3\\Pi$,11.99388519,16345.1,875,5,0.50617,\N,6.86,1.66636,\N,\N,NOV 1977,\N,Jesus Perez Rios,2019-09-15,2
500,TiO,160,B $^3\\Pi$,11.99388519,16331.3,875,5,0.50617,\N,6.86,1.66636,\N,\N,NOV 1977,\N,Jesus Perez Rios,2019-09-15,2
501,TlCl,161,X $^1\\Sigma^+$,29.8725631,0,283.75,0.818,0.091397022,0.00039932,0.3753,2.484826,3.82,9.7,NOV 1977,\N,Jesus Perez Rios,2019-09-15,2
502,TlCl,161,A $^3\\Pi_0^+$,29.8725631,31049.4,223.1,11.4,0.09227,0.00131,0.75,2.473,\N,\N,NOV 1977,\N,Jesus Perez Rios,2019-09-15,2
503,TlF,162,X $^1\\Sigma^+$,17.3868727,0,477.3,2.3,0.223150163,0.0015,1.948,2.084438,4.57,10.52,NOV 1977,\N,Jesus Perez Rios,2019-09-15,2
504,TlF,162,A $^3\\Pi_0^+$,17.3868727,35186.02,436.3,7.1,0.23091,0.00274,2.81,2.0491,\N,\N,NOV 1977,\N,Jesus Perez Rios,2019-09-15,2
505,TlF,162,B $^3\\Pi_1$,17.38687,36863.08,366.64,10.22,0.22492,0.00307,3.92,2.0762,\N,\N,NOV 1977,\N,Jesus Perez Rios,2019-09-15,2
506,V0,163,X $^4\\Sigma^-$,12.17296119,0,1011.3,4.86,0.54825,0.00352,6,1.58932,6.41,\N,JAN 1975,\N,Jesus Perez Rios,2019-09-15,2
507,V0,163,B $^4\\Pi$,12.17296119,12567,910.9,\N,\N,\N,6,\N,\N,\N,JAN 1975,\N,Jesus Perez Rios,2019-09-15,2
508,V0,163,B $^4\\Pi$,12.17296119,12625,910.9,\N,\N,\N,6,\N,\N,\N,JAN 1975,\N,Jesus Perez Rios,2019-09-15,2
509,V0,163,B $^4\\Pi$,12.17296119,12689,910.9,\N,\N,\N,6,\N,\N,\N,JAN 1975,\N,Jesus Perez Rios,2019-09-15,2
510,V0,163,B $^4\\Pi$,12.17296119,12760.8,910.9,5,0.5246,0.004,6,1.625,\N,\N,JAN 1975,\N,Jesus Perez Rios,2019-09-15,2
511,XeCl,164,X $^2\\Sigma^+$,27.6410016,0,26.3,-0.28,\N,\N,\N,3.18,0.03,\N,NOV 1977,\N,Jesus Perez Rios,2019-09-15,2
512,XeCl,164,B $^2\\Sigma^+$,27.6410016,32405,195.2,0.54,\N,\N,\N,2.94,\N,\N,NOV 1977,\N,Jesus Perez Rios,2019-09-15,2
513,YbD,165,X $^2\\Sigma^+$,1.99104715,0,886.6,10.57,2.01162,0.03425,416,2.0516,\N,\N,JAN 1976,\N,Jesus Perez Rios,2019-09-15,2
514,YbD,165,a $^4\\Sigma^+_{0.5}$,1.99104715,\N,\N,\N,2.1931,\N,480,1.9648,\N,\N,JAN 1976,\N,Jesus Perez Rios,2019-09-15,2
515,YbD,165,a $^4\\Sigma^+_{1.5}$,1.99104715,13008.5,1084.4,9.84,2.3516,0.0371,340,1.8975,\N,\N,JAN 1976,\N,Jesus Perez Rios,2019-09-15,2
516,YF,166,X $^1\\Sigma^+$,15.6534084,0,631.29,2.5,0.29042,0.00163,2.37,1.9257,6.2,\N,DEC 1976,\N,Jesus Perez Rios,2019-09-15,2
517,YF,166,a $^3\\DeltA$_1$$,15.6534084,\N,581.2,2.39,0.285,\N,\N,1.944,\N,\N,DEC 1976,\N,Jesus Perez Rios,2019-09-15,2
518,YF,166,a $^3\\Delta_2$,15.6534084,\N,582.3,2.42,0.285,\N,\N,1.944,\N,\N,DEC 1976,\N,Jesus Perez Rios,2019-09-15,2
519,YF,166,a $^3\\Delta3/$,15.6534084,\N,583.5,2.49,0.285,\N,\N,1.944,\N,\N,DEC 1976,\N,Jesus Perez Rios,2019-09-15,2
520,YF,166,B $^1\\Pi$,15.6534084,15934.2,534.67,2.35,0.26709,0.00156,2.61,2.008,\N,\N,DEC 1976,\N,Jesus Perez Rios,2019-09-15,2
521,YO,167,X $^2\\Sigma^+$,13.55606469,0,861,2.93,0.3881,0.0018,3.2,1.79,7.29,\N,JUL 1975,\N,Jesus Perez Rios,2019-09-15,2
522,YO,167,A $^1\\Pi$,13.55606469,16315,820.7,3.5,0.3857,0.0023,3.5,1.7956,\N,\N,JUL 1975,\N,Jesus Perez Rios,2019-09-15,2
523,YO,167,A $^1\\Pi$,13.55606469,16742.2,822.7,3.97,0.3857,0.0023,3.5,1.7956,\N,\N,JUL 1975,\N,Jesus Perez Rios,2019-09-15,2
524,ZnH,168,X $^2\\Sigma^+$,0.99218372,0,1607.6,55.14,6.6794,0.25,4660,1.5949,0.851,\N,JUL 1975,\N,Jesus Perez Rios,2019-09-15,2
525,ZnH,168,A $^1\\Pi$,0.99218372,23276.9,1910.2,40.8,7.4332,0.2385,4482,1.5119,\N,\N,JUL 1975,\N,Jesus Perez Rios,2019-09-15,2
526,ZrO,169,X $^1\\Sigma^+$,13.57906789,0,969.76,4.9,0.42263,0.0023,3.19,1.7116,7.85,6.1,AUG 1975,\N,Jesus Perez Rios,2019-09-15,2
527,ZrO,169,a $^3\\Delta$,13.57906789,\N,936.5,3.47,0.41328,0.00178,3.169,1.7285,\N,\N,AUG 1975,\N,Jesus Perez Rios,2019-09-15,2
528,ZrO,169,a $^3\\Delta$,13.57906789,\N,936.5,3.47,0.41475,0.0019,3.269,1.7285,\N,\N,AUG 1975,\N,Jesus Perez Rios,2019-09-15,2
529,ZrO,169,a $^3\\Delta$,13.57906789,\N,936.5,3.47,0.41573,0.00173,3.309,1.7285,\N,\N,AUG 1975,\N,Jesus Perez Rios,2019-09-15,2
530,ZrO,169,A $^1\\Delta$,13.57906789,\N,938.1,1.8,0.4167,0.0012,3.5,1.726,\N,\N,AUG 1975,\N,Jesus Perez Rios,2019-09-15,2
531,ZrO,169,B $^1\\Pi$,13.57906789,15443,859,3,0.40154,\N,3.52,1.7583,\N,\N,AUG 1975,\N,Jesus Perez Rios,2019-09-15,2
532,IrC,170,X$_1$ $^2\\Delta_{2.5}$,11.29743405,0,1060.1,4.53,0.5268,0.0032,5.2,1.683,6.45,\N,FEB 1975,\N,Jesus Perez Rios,2019-09-15,2
533,IrC,170,X$_2$ $^2\\Delta_{1.5}$,11.29743405,\N,1030,\N,0.5272,0.0035,5.5,1.6824,\N,\N,FEB 1975,\N,Jesus Perez Rios,2019-09-15,2
534,IrC,170,D $^2\\Phi_{3.5}$,11.29743405,14413.5,935.7,5.96,0.5053,0.0038,5.9,1.7184,\N,\N,FEB 1975,\N,Jesus Perez Rios,2019-09-15,2
535,IrC,170,E1 $^2\\Delta_{2.5}$,11.29743405,15149.2,963.9,5.44,0.5132,0.004,6.2,1.7052,\N,\N,FEB 1975,\N,Jesus Perez Rios,2019-09-15,2
536,LiD,171,X $^1\\Sigma^+$,1.56487081,1054.8,12.935,\N,4.2394,0.1,2756,1.5941,2.4509,7.7,JAN 1977,\N,Jesus Perez Rios,2019-09-15,2
537,LiD,171,A $^1\\Sigma^+$,1.56487081,205.6,\N,\N,1.6125,\N,3508,2.59,\N,\N,JAN 1977,\N,Jesus Perez Rios,2019-09-15,2
538,LiD,171,B $^1\\Pi$,1.56487081,178.7,\N,29.13,1.904,0.425,0.44,2.379,\N,\N,JAN 1977,\N,Jesus Perez Rios,2019-09-15,2
539,MgF,172,X $^2\\Sigma^+$,10.6012334,0,711.69,4.94,0.51922,0.0047,10.8,1.75,4.75,\N,MAR 1977,\N,Jesus Perez Rios,2019-09-15,2
540,MgF,172,A $^1\\Pi$,10.6012334,27816.1,740.12,\N,0.52105,0.00327,3.8,1.7469,\N,\N,MAR 1977,\N,Jesus Perez Rios,2019-09-15,2
541,MgF,172,A $^1\\Pi$,10.6012334,27851.2,746,3.97,\N,\N,\N,\N,\N,\N,MAR 1977,\N,Jesus Perez Rios,2019-09-15,2
542,MgF,172,B $^2\\Sigma^+$,10.6012334,37167.3,750.94,5.6,0.53844,0.0051,10.83,1.7185,\N,\N,MAR 1977,\N,Jesus Perez Rios,2019-09-15,2
543,ScO,139,A\' $^2\\Delta$,11.79747757,15029.8,845.9,4.9,\N,\N,\N,\N,\N,\N,JAN 1977,\N,Jesus Perez Rios,2019-09-15,2
544,ScO,139,A\' $^2\\Delta$,11.79747757,15135.9,845.9,4.9,\N,\N,\N,\N,\N,\N,JAN 1977,\N,Jesus Perez Rios,2019-09-15,2
545,TiS,173,X $^3\\DeltA$_1$$,19.1816179,0,558.37,1.95,0.2018,0.0009,1.035,2.0825,4.75,\N,JUN 1975,\N,Jesus Perez Rios,2019-09-15,2
546,TiS,173,X $^3\\Delta_2$,19.1816179,90,558.3,1.95,0.20268,0.00092,1.095,2.0825,\N,\N,JUN 1975,\N,Jesus Perez Rios,2019-09-15,2
547,TiS,173,X $^3\\Delta3/$,19.1816179,185,558.17,1.95,0.20344,0.00092,1.12,2.0825,\N,\N,JUN 1975,\N,Jesus Perez Rios,2019-09-15,2
548,TiS,173,C $^3\\DeltA$_1$$,19.1816179,11624.3,\N,\N,0.18684,\N,1.06,2.161,\N,\N,JUN 1975,\N,Jesus Perez Rios,2019-09-15,2
549,TiS,173,C $^3\\Delta_2$,19.1816179,11716,484.3,\N,0.1882,0.00099,1.2,2.161,\N,\N,JUN 1975,\N,Jesus Perez Rios,2019-09-15,2
550,TiS,173,C $^3\\Delta3/$,19.1816179,11806,484.12,\N,0.18905,0.00102,1.22,2.161,\N,\N,JUN 1975,\N,Jesus Perez Rios,2019-09-15,2
551,YCl,174,X $^1\\Sigma$,25.0974229,0,380.7,1.3,0.116,0.0003,0.9,2.406,\N,\N,SEP 1976,\N,Jesus Perez Rios,2019-09-15,2
552,YCl,174,C $^1\\Sigma$,25.0974229,14907.6,324.5,1.14,0.1089,0.0007,0.9,2.484,\N,\N,SEP 1976,\N,Jesus Perez Rios,2019-09-15,2
553,BaS,28,a $^3\\Pi_0^+$,25.9547097,14570,235,\N,0.0785,\N,\N,2.88,\N,\N,\N,\N,Jesus Perez Rios,2019-09-15,2
554,BeF,33,B $^2\\Sigma^+$,6.112585,49563.9,1350.8,9.9,1.57,0.014,\N,1.325,\N,\N,APR 1976,\N,Jesus Perez Rios,2019-09-15,2
556,BeH,34,B $^1\\Pi$,0.90645687,50882,2265.94,71.52,10.8495,0.1016,10350,1.3092,\N,\N,SEP 1976,\N,Jesus Perez Rios,2019-09-15,2
557,BeD,35,B $^1\\Pi$,1.64619882,50906,1646.22,25.15,5.9963,0.1217,3114,1.3068,\N,\N,SEP 1976,\N,Jesus Perez Rios,2019-09-15,2
558,BD,42,B $^1\\Sigma^+$,1.70262163,52348,1700.34,46.6,6.705,0.195,4000,1.2124,\N,\N,APR 1976,\N,Jesus Perez Rios,2019-09-15,2
559,BiH,45,B $0^+$,1.00298823,21263,1643.07,47,5.3078,0.1861,2010,1.7795,\N,\N,MAY 1976,\N,Jesus Perez Rios,2019-09-15,2
560,BiD,46,B $0^+$,1.994887609,21263.7,1185.1,25,2.6687,0.0644,507,1.7795,\N,\N,MAY 1976,\N,Jesus Perez Rios,2019-09-15,2
561,BiO,47,B $^4\\Sigma^-_{0.5}$,14.85773557,28738.2,483,5,0.206,0.0029,\N,2.09,\N,\N,MAY 1976,\N,Jesus Perez Rios,2019-09-15,2
563,B0,50,B $^2\\Sigma^+$,6.52094009,43174.05,1281.69,10.66,1.5171,0.021,85,1.3054,\N,\N,JUN 1976,\N,Jesus Perez Rios,2019-09-15,2
564,BrCl,175,X $^1\\Sigma^+$,24.2317306,0,444.276,1.843,0.1524695,0.0007697,0.7183,2.136065,2.233,11.1,JUN 1976,\N,Jesus Perez Rios,2019-09-15,2
565,BrCl,175,B $^3\\Pi_0^+$,24.2317306,16879.91,222.68,2.884,0.107704,\N,1.01,2.5415,\N,\N,JUN 1976,\N,Jesus Perez Rios,2019-09-15,2
566,BS,51,B $^2\\Sigma^+$,8.18936774,36223.4,770,4,0.6311,\N,15.3,1.806,\N,\N,JUN 1976,\N,Jesus Perez Rios,2019-09-15,2
567,CaH,53,B $^2\\Sigma^+$,0.98303388,15762,1285,20,4.341,0.116,2020,1.9744,\N,\N,JUL 1976,\N,Jesus Perez Rios,2019-09-15,2
568,CaO,54,A $^1\\Sigma^+$,11.42292245,11554.8,718.9,2.11,0.40592,0.00137,5.4,1.9067,\N,\N,SEP 1976,\N,Jesus Perez Rios,2019-09-15,2
569,CD,58,B $^2\\Sigma^-$,1.7246361,26043,1625.5,123.8,7.104,0.341,6360,1.173,\N,\N,AUG 1976,\N,Jesus Perez Rios,2019-09-15,2
570,CN,61,B $^2\\Sigma^+$,6.46219329,25752,2163.9,20.2,1.973,0.023,66,1.15,\N,\N,SEP 1976,\N,Jesus Perez Rios,2019-09-15,2
571,CP,64,B $^2\\Sigma^+$,8.64911823,29100.4,836.32,5.917,0.6829,0.00628,18.2,1.6894,\N,\N,OCT 1976,\N,Jesus Perez Rios,2019-09-15,2
572,CuBr,176,X $^1\\Sigma^+$,35.0114277,0,314.8,0.96,0.10192625,0.00045214,0.3,2.261,3.43,\N,NOV 1975,\N,Jesus Perez Rios,2019-09-15,2
573,CuBr,176,A $^1\\Pi$,35.0114277,20498.5,296.13,1.01,\N,\N,\N,\N,\N,\N,NOV 1975,\N,Jesus Perez Rios,2019-09-15,2
574,CuBr,176,B $^1\\Pi$,35.0114277,23044.7,284.22,1.32,\N,\N,\N,\N,\N,\N,NOV 1975,\N,Jesus Perez Rios,2019-09-15,2
575,CuBr,176,C $^1\\Sigma^+$,35.0114277,23460.9,294.7,1.06,0.0942,0.00041,0.42737,2.173441,\N,\N,NOV 1975,\N,Jesus Perez Rios,2019-09-15,2
576,CuF,69,B $^1\\Sigma^+$,14.5928363,1917.5,657,3.92,0.3716,0.0032,4.8,1.7632,\N,\N,AUG 1975,\N,Jesus Perez Rios,2019-09-15,2
577,CuH,70,B $^3\\Pi_0^+$,0.99193919,26420.9,1669.7,51.2,6.582,0.29,4050,1.6069,\N,\N,JAN 1975,\N,Jesus Perez Rios,2019-09-15,2
578,CuD,71,B $^3\\Pi_0^+$,1.95163876,26381.8,1222,35.7,3.317,0.086,1200,1.6137,\N,\N,JAN 1975,\N,Jesus Perez Rios,2019-09-15,2
579,GaCl,77,B $^3\\Pi_1$,23.1990149,29859.4,395.3,2.5,0.15686,\N,\N,2.1523,\N,\N,JUL 1976,\N,Jesus Perez Rios,2019-09-15,2
580,GaF,78,B $^3\\Pi_1$,14.8932747,33427.8,662.1,1.45,0.37198,0.00302,\N,1.68167,\N,\N,JUL 1976,\N,Jesus Perez Rios,2019-09-15,2
581,GeF,81,B $^2\\Sigma^+$,15.1139772,35010.85,796.99,3.613,0.3944,0.00255,3.88,1.86582,\N,\N,SEP 1976,\N,Jesus Perez Rios,2019-09-15,2
582,HfO,87,B $^1\\Pi_0$,14.68923287,17562.22,907.01,3.38,0.377537,0.0018,2.618,1.7429,\N,\N,JAN 1975,\N,Jesus Perez Rios,2019-09-15,2
583,HfO,87,B $^1\\Pi_0$,14.68923287,17562.22,907.01,3.38,0.37806,0.00182,2.63,1.7429,\N,\N,JAN 1975,\N,Jesus Perez Rios,2019-09-15,2
584,ICl,89,B $^3\\Pi_0^+$,27.4146708,17363.1,221.1,9.62,0.0872,0.0017,0.1,2.66,\N,\N,JAN 1977,\N,Jesus Perez Rios,2019-09-15,2
585,InCl,91,B $^3\\Pi_1$,26.8097927,28560.2,339.4,2.1,0.1152,\N,0.24,2.336,\N,\N,JAN 1977,\N,Jesus Perez Rios,2019-09-15,2
586,InF,92,A $^3\\Pi_0^+$,16.3028614,31255.74,575.25,2.63,0.27362,0.00204,2.5,1.944,\N,\N,JAN 1977,\N,Jesus Perez Rios,2019-09-15,2
587,MgH,104,B\' $^2\\Sigma^+$,0.96718516,22410.5,828,11.6,2.596,\N,1200,2.597,\N,\N,MAR 1977,\N,Jesus Perez Rios,2019-09-15,2
589,MgD,105,B\' $^2\\Sigma^+$,1.85807372,22410.3,597.5,6.05,1.35,\N,250,2.596,\N,\N,MAR 1977,\N,Jesus Perez Rios,2019-09-15,2
590,MgO,106,B $^1\\Sigma^+$,9.9577628,19984,824.08,4.76,0.5822,0.0045,11.4,1.7371,\N,\N,MAR 1977,\N,Jesus Perez Rios,2019-09-15,2
591,PbO,123,B $1$,14.85263923,22285,2.2,0.54,0.2646,0.0026,3,2.071,\N,\N,JUL 1977,\N,Jesus Perez Rios,2019-09-15,2
592,PbS,124,B $1$,27.7119401,21847.4,282.17,0.856,0.09992,0.000602,\N,2.467,\N,\N,JUL 1977,\N,Jesus Perez Rios,2019-09-15,2
593,PS,177,X $^2\\Pi$,15.7325008,0,739.1,2.96,0.29632,\N,2,1.9009,4.54,\N,JUL 1977,\N,Jesus Perez Rios,2019-09-15,2
594,PS,177,X $^2\\Pi$,15.7325008,320.8,739.1,2.96,0.29674,\N,2,1.9009,\N,\N,JUL 1977,\N,Jesus Perez Rios,2019-09-15,2
595,PS,177,B $^2\\Pi$,15.7325008,22894,512.2,2.15,\N,\N,\N,\N,\N,\N,JUL 1977,\N,Jesus Perez Rios,2019-09-15,2
596,PS,177,B $^2\\Pi$,15.7325008,22987.7,512.2,2.15,\N,\N,\N,\N,\N,\N,JUL 1977,\N,Jesus Perez Rios,2019-09-15,2
597,PS,177,C $^2\\Sigma$,15.7325008,34686.5,534.8,3.31,0.26442,0.00196,2.5,2.013,\N,\N,JUL 1977,\N,Jesus Perez Rios,2019-09-15,2
598,ScO,139,A\' $^2\\Delta$,11.79747757,15029.8,845.9,4.9,\N,\N,\N,\N,\N,\N,JAN 1977,\N,Jesus Perez Rios,2019-09-15,2
599,ScO,139,A\' $^2\\Delta$,11.79747757,15029.8,845.9,4.9,\N,\N,\N,\N,\N,\N,JAN 1977,\N,Jesus Perez Rios,2019-09-15,2
600,ScO,139,B $^2\\Sigma^+$,11.79747757,20645.1,825.47,4.21,0.48308,0.0032,6.74,1.71986,\N,\N,JAN 1977,\N,Jesus Perez Rios,2019-09-15,2
601,SiF,145,a $^4\\Sigma^-$,11.3148108,29805.06,863.1,5.37,0.57862,0.00502,10.5,1.6046,\N,\N,SEP 1977,\N,Jesus Perez Rios,2019-09-15,2
602,SiF,145,B $^2\\Sigma^+$,11.3148108,34561.5,1011.23,4.825,0.62707,0.00462,10.1,1.5414,\N,\N,SEP 1977,\N,Jesus Perez Rios,2019-09-15,2
603,SiS,178,X $^1\\Sigma^+$,14.9206889,0,749.64,2.577,0.30352788,0.00147308,2.01,1.929321,6.42,\N,AUG 1977,\N,Jesus Perez Rios,2019-09-15,2
604,SiS,178,a $^3\\Pi_1$,14.9206889,30239.2,\N,\N,0.2818,\N,\N,2.0023,\N,\N,AUG 1977,\N,Jesus Perez Rios,2019-09-15,2
605,SiS,178,D $^1\\Pi$,14.9206889,35026.86,513.12,2.93,0.26647,0.00216,2.91,2.0591,\N,\N,AUG 1977,\N,Jesus Perez Rios,2019-09-15,2
606,SnCl,150,A $^2\\Delta$,27.0731195,26695,169.1,6.8,\N,\N,\N,2.619,\N,\N,SEP 1977,\N,Jesus Perez Rios,2019-09-15,2
607,SnCl,150,A $^2\\Delta$,27.0731195,27063,263.6,6.8,\N,\N,\N,2.619,\N,\N,SEP 1977,\N,Jesus Perez Rios,2019-09-15,2
608,YbD,165,D $^2\\Pi_{0.5}$,1.99104715,15326.4,957.9,9.7,2.122,0.039,418,1.997,\N,\N,JAN 1976,\N,Jesus Perez Rios,2019-09-15,2
609,YbD,165,D $^2\\Pi_{1.5}$,1.99104715,16778.6,945.5,15.6,2.09241,0.0472,396.2,2.0003,\N,\N,JAN 1976,\N,Jesus Perez Rios,2019-09-15,2
610,YO,167,B $^2\\Sigma^+$,13.55606469,20791,765.5,8,0.3722,\N,3.8,1.8279,\N,\N,JUL 1975,\N,Jesus Perez Rios,2019-09-15,2
611,ZnH,168,B $^2\\Sigma^+$,0.99218372,27587.7,120.7,16.5,3.288,\N,1400,2.273,\N,\N,JUL 1975,\N,Jesus Perez Rios,2019-09-15,2
